age,annual_income,existing_debt,credit_history_years,num_late_payments,loan_amount,employment_years,num_credit_lines,debt_to_income_ratio,creditworthy
59,80795.13,21731.32,10,0,17383.93,18,5,0.269,1
49,49772.0,0.0,8,1,19624.86,34,8,0.0,1
35,57410.0,17521.67,11,0,22039.69,23,8,0.305,1
63,34426.51,3139.31,2,1,28421.88,5,11,0.091,0
28,29439.55,21084.42,3,0,27642.9,2,9,0.716,0
41,22125.19,22143.19,3,3,14298.5,33,3,1.001,0
59,37296.73,13280.52,27,1,13604.08,1,3,0.356,1
39,86051.24,13303.32,24,0,27678.84,14,9,0.155,1
43,23945.46,6936.37,12,0,28582.84,14,7,0.29,0
31,48929.28,1544.17,22,2,15279.79,31,4,0.032,1
31,29137.09,31980.93,18,2,1000.0,20,1,1.098,0
44,42980.52,6349.29,9,0,17512.21,16,7,0.148,1
56,58393.88,30677.96,4,3,27482.31,33,10,0.525,0
60,40997.68,6405.0,6,1,41665.0,31,6,0.156,1
44,76793.3,20251.9,23,0,5624.5,22,3,0.264,1
23,85679.56,3621.93,15,1,14881.14,34,14,0.042,1
42,15000.0,20233.95,0,1,15327.16,32,5,1.349,0
22,41340.15,11744.13,11,2,36269.66,24,3,0.284,0
44,56182.84,11874.84,1,1,19580.7,20,8,0.211,1
64,77522.34,21100.23,6,1,9112.08,33,5,0.272,1
50,45915.11,10308.59,10,0,26704.34,18,10,0.225,1
58,54601.29,718.52,28,1,15144.34,26,10,0.013,1
22,31865.12,22613.06,29,2,5307.35,8,6,0.71,0
41,24344.08,3540.99,12,1,9286.72,4,2,0.145,0
53,83907.69,20165.17,1,3,40808.5,4,8,0.24,0
32,18518.6,24729.97,6,1,24610.51,24,9,1.335,0
42,101572.38,11245.06,14,2,21293.12,25,3,0.111,1
64,69503.03,26823.53,24,3,17001.28,18,13,0.386,0
45,68599.46,19817.84,10,1,23505.79,29,6,0.289,1
47,66509.37,8041.39,1,2,23362.83,15,6,0.121,1
62,49946.29,29014.29,6,0,23506.03,6,2,0.581,0
48,62841.69,3583.28,3,1,21378.14,17,10,0.057,1
36,51222.07,11233.0,10,0,30425.58,20,8,0.219,1
35,66061.47,12936.85,28,0,20277.25,30,5,0.196,1
64,54326.27,21052.24,1,1,8264.73,0,11,0.388,0
23,35993.04,26154.33,28,1,12650.93,2,11,0.727,0
57,37588.55,25527.92,15,0,1000.0,30,8,0.679,0
27,35314.55,17237.48,6,2,44321.81,24,14,0.488,0
41,74418.01,12197.31,12,1,30353.06,7,13,0.164,1
29,42651.07,0.0,4,0,10039.15,0,14,0.0,1
59,16757.94,1858.54,16,0,16617.86,6,8,0.111,1
38,62936.77,32666.55,20,0,12357.48,6,12,0.519,1
24,85290.35,0.0,11,4,38510.57,7,3,0.0,1
45,70461.66,7155.09,27,2,2961.47,18,5,0.102,1
34,42933.53,26446.06,18,2,21373.71,16,7,0.616,0
29,23263.77,17097.13,6,1,18697.67,10,5,0.735,0
46,52314.64,24280.45,5,3,29922.06,10,6,0.464,0
22,51815.52,20428.28,7,3,18751.89,1,2,0.394,0
40,35616.01,29695.83,12,1,1000.0,3,8,0.834,0
48,66020.75,17954.27,4,2,16986.59,27,5,0.272,1
27,91932.53,21634.48,1,0,8334.05,32,6,0.235,1
64,59445.65,7757.53,8,3,20954.95,10,1,0.13,1
28,58209.52,20863.33,29,0,37210.12,2,10,0.358,1
55,36255.44,11038.74,10,2,1000.0,4,2,0.304,0
34,82948.29,10468.94,23,1,10397.33,20,11,0.126,1
37,53497.12,23947.24,5,0,13367.68,21,4,0.448,1
56,43420.73,24016.23,28,1,15420.43,10,11,0.553,0
60,56273.77,31884.42,25,3,28881.51,21,9,0.567,0
24,64439.23,31232.63,6,1,17917.47,12,6,0.485,0
22,57784.31,24173.15,24,0,24989.63,2,8,0.418,1
26,79123.07,0.0,6,3,12490.72,12,2,0.0,1
62,62679.43,33276.81,18,0,22759.09,27,10,0.531,1
24,49321.16,24179.68,5,0,29333.57,10,5,0.49,1
49,63023.84,7341.4,10,2,11212.41,10,12,0.116,1
38,64992.74,22289.09,28,1,29376.3,20,12,0.343,1
46,29072.48,4627.34,10,1,20628.47,20,13,0.159,1
64,77988.39,21186.3,6,1,32545.52,6,1,0.272,1
54,48981.92,1837.3,1,1,17582.96,16,4,0.038,1
30,49493.54,6917.82,18,3,24574.94,13,10,0.14,0
56,70027.52,22099.29,3,1,19512.73,32,1,0.316,1
34,69943.3,25728.87,25,2,18845.45,10,11,0.368,0
51,40983.37,18254.37,5,0,23107.17,12,11,0.445,0
35,71058.03,12138.31,16,2,26441.69,0,9,0.171,1
28,43791.04,0.0,24,1,5005.22,33,2,0.0,1
34,91391.46,12909.79,4,0,37203.6,8,7,0.141,1
43,38436.12,20334.85,28,1,1000.0,12,3,0.529,0
60,59789.55,11832.35,27,2,11782.25,29,14,0.198,1
41,39359.65,14774.22,29,1,18868.77,6,2,0.375,0
36,99453.91,13143.83,6,1,24948.27,13,13,0.132,1
38,30243.58,11782.94,8,1,38914.07,5,4,0.39,0
44,65487.25,15758.77,24,1,1000.0,33,7,0.241,1
46,40301.79,12273.05,0,0,13907.67,15,7,0.305,0
45,47917.85,29432.9,0,1,1000.0,5,9,0.614,0
61,64070.76,0.0,18,1,20379.46,7,12,0.0,1
49,79491.69,9541.57,5,1,23260.2,23,13,0.12,1
35,87467.93,6297.44,17,1,39089.55,2,3,0.072,1
21,24261.04,17191.11,9,1,21447.62,3,7,0.709,0
45,60355.02,15771.45,27,2,32528.3,31,6,0.261,1
27,84189.87,31221.93,10,1,27006.04,0,10,0.371,0
29,21293.78,34511.42,0,1,14777.02,33,7,1.621,0
44,61287.67,7269.17,0,2,3092.47,8,7,0.119,1
21,54958.32,15005.0,12,1,23300.03,11,10,0.273,1
64,63290.84,16963.04,4,2,2094.78,9,5,0.268,0
28,39553.92,7021.86,19,0,35542.48,9,9,0.178,1
44,26287.62,21283.82,0,1,18055.25,22,7,0.81,0
31,16737.87,12604.93,19,0,34342.13,5,7,0.753,0
37,74527.68,4323.65,2,1,14237.43,23,12,0.058,1
28,77080.98,12204.32,17,2,23226.21,23,14,0.158,1
55,61053.71,5023.25,8,0,22512.19,20,3,0.082,1
55,44317.03,25366.47,13,1,19459.47,30,1,0.572,0
53,22539.08,34015.59,26,2,14808.09,29,14,1.509,0
25,66266.91,17448.19,16,1,24709.47,33,14,0.263,1
62,32984.41,16112.77,22,2,8886.04,17,5,0.488,0
59,40774.03,16524.35,13,1,5486.78,11,8,0.405,1
61,43268.72,26822.34,28,1,34913.92,34,5,0.62,0
48,51049.3,26606.99,3,1,28726.02,6,10,0.521,0
27,39819.19,13843.46,4,0,20790.7,24,3,0.348,1
29,55669.18,17525.9,25,0,39981.71,5,9,0.315,1
28,42563.63,21526.46,20,0,16786.81,0,2,0.506,1
32,69027.46,3623.13,16,0,35872.44,15,3,0.052,1
54,75621.26,27126.08,21,2,22106.89,3,12,0.359,1
53,57170.85,32348.32,28,0,7702.99,28,4,0.566,1
43,64252.53,26650.32,24,2,42176.48,27,10,0.415,0
44,97357.12,2544.06,1,0,31888.53,21,1,0.026,1
57,31547.93,0.0,22,0,18547.75,7,11,0.0,1
55,30330.64,22087.19,21,0,28726.06,31,4,0.728,0
64,68899.96,7398.11,4,0,15155.56,32,4,0.107,1
60,93930.86,17871.33,3,1,29949.79,12,9,0.19,1
42,49790.03,30351.49,3,1,1000.0,26,8,0.61,0
47,89536.68,8430.45,5,3,7762.38,17,2,0.094,1
55,56928.67,11224.45,19,1,31751.12,17,13,0.197,1
21,41382.25,17767.23,20,2,17004.13,12,7,0.429,0
55,35186.15,2024.9,12,2,22490.51,21,6,0.058,1
57,67588.27,7421.44,21,0,3838.57,13,7,0.11,1
34,36700.82,15248.58,4,0,42174.4,10,11,0.415,0
23,56625.54,11995.45,22,1,34286.36,21,4,0.212,1
21,86669.3,21084.08,24,1,17591.78,16,14,0.243,1
25,48864.39,42659.8,25,1,15143.65,31,14,0.873,0
46,81280.19,15991.38,22,1,32355.25,13,5,0.197,1
34,30709.13,6582.88,6,2,43789.65,28,6,0.214,0
59,44321.82,29182.4,19,0,31445.12,5,9,0.658,0
47,26857.12,0.0,0,2,46061.63,3,2,0.0,0
29,56459.94,1110.92,13,2,8931.78,10,11,0.02,1
35,70601.56,9048.97,23,0,10167.36,9,9,0.128,1
35,56503.74,12171.13,3,1,5732.71,27,10,0.215,1
46,79541.0,8809.27,16,1,25301.13,10,1,0.111,1
62,40016.42,14684.88,20,1,22107.24,34,4,0.367,1
33,59506.86,17747.42,13,1,18176.59,14,12,0.298,1
52,44450.61,25689.6,15,0,29711.1,7,5,0.578,0
59,62233.53,15911.88,13,0,34787.94,19,9,0.256,1
52,65074.72,9380.54,15,0,1692.05,20,6,0.144,1
24,66647.92,25146.45,23,0,12836.34,0,4,0.377,1
50,33588.11,6822.85,19,0,29841.72,28,2,0.203,1
57,37205.08,0.0,28,1,14387.14,23,5,0.0,1
43,40914.25,27059.56,27,1,10421.53,29,8,0.661,0
59,50222.39,26418.53,7,1,32222.45,34,8,0.526,0
35,56743.73,7077.02,23,0,4526.0,32,6,0.125,1
63,69161.78,11009.01,2,1,16381.04,19,11,0.159,1
49,38038.03,5830.72,24,3,23943.73,15,1,0.153,1
56,22979.61,18266.24,18,1,13114.16,8,8,0.795,0
33,98114.86,32320.49,0,1,29397.87,30,4,0.329,1
52,32370.94,22028.82,1,0,13173.48,16,14,0.681,0
27,71726.47,25357.25,14,1,36903.43,30,2,0.354,1
42,55625.34,23197.28,21,1,18491.04,22,1,0.417,1
48,60026.11,14998.81,27,1,28055.24,5,7,0.25,1
22,54968.99,25833.4,9,1,28952.29,29,2,0.47,0
62,47303.16,22450.31,17,1,12469.52,6,13,0.475,0
26,64279.45,29394.46,21,2,1000.0,10,4,0.457,0
48,46228.26,10404.51,13,2,24329.07,33,4,0.225,0
48,78326.05,0.0,16,1,20867.46,11,13,0.0,1
64,66368.82,25452.51,26,2,26669.91,26,10,0.384,0
64,66991.88,18497.7,12,0,17281.67,11,1,0.276,1
40,44857.54,12039.54,0,1,14834.87,12,2,0.268,0
50,50272.91,12598.47,4,1,44101.68,7,1,0.251,0
31,31241.74,40546.86,25,2,2331.75,15,6,1.298,0
48,47939.68,8578.05,12,2,28807.41,28,13,0.179,1
45,34268.48,6466.97,26,0,13104.78,34,3,0.189,1
59,81261.37,15852.84,24,0,15970.66,28,1,0.195,1
53,56010.72,26804.91,13,0,16194.77,30,12,0.479,0
21,58409.94,37784.02,23,1,10358.79,12,8,0.647,0
47,50497.07,21573.65,2,0,26854.69,11,14,0.427,0
33,58951.58,2295.91,14,1,36687.72,1,12,0.039,1
61,104297.55,34708.64,18,1,25640.16,32,14,0.333,1
23,48997.19,14805.31,16,0,21240.58,7,4,0.302,1
59,41991.74,6622.91,29,1,8162.71,31,10,0.158,1
26,65593.86,4206.08,2,3,26201.9,27,7,0.064,1
28,15000.0,23363.29,15,3,45876.2,14,10,1.558,0
47,56279.14,17388.29,13,0,15431.66,22,2,0.309,1
29,47565.74,18450.75,11,0,15488.2,23,6,0.388,0
57,35153.73,27865.03,27,1,13266.93,12,6,0.793,0
53,65155.15,6978.45,11,1,14127.03,20,7,0.107,1
62,56079.77,28661.55,28,1,1000.0,11,12,0.511,1
64,18951.82,9808.43,10,1,24860.42,12,1,0.518,0
44,42069.41,36640.07,16,1,9853.37,22,14,0.871,0
35,15000.0,20987.39,7,3,1000.0,27,12,1.399,0
52,60865.39,5797.61,16,1,29038.28,13,1,0.095,1
52,60665.99,0.0,20,1,7015.79,16,2,0.0,1
44,39134.36,23089.25,24,3,15935.97,23,14,0.59,0
61,65802.25,11258.2,22,0,37597.31,33,11,0.171,1
32,29350.03,13444.34,19,0,3089.41,21,2,0.458,1
59,35669.66,22661.96,10,1,1608.82,9,5,0.635,0
22,63343.81,25104.14,24,0,23231.67,7,1,0.396,1
23,41226.66,27237.1,24,1,33793.85,20,11,0.661,0
57,53746.86,3251.59,1,0,1107.9,6,2,0.06,1
37,43727.02,29258.95,9,0,24892.28,25,6,0.669,0
22,46781.38,9209.55,9,0,26971.99,12,3,0.197,1
22,47655.52,0.0,10,3,1000.0,15,4,0.0,1
48,40864.86,3215.6,27,0,29582.02,29,1,0.079,1
43,61048.99,17180.25,5,2,30519.27,30,5,0.281,1
57,42441.43,5211.86,3,4,16258.57,4,4,0.123,0
52,55313.73,14119.56,23,0,35028.16,31,8,0.255,1
53,40425.37,18382.52,11,1,33637.47,15,3,0.455,0
21,24314.03,13186.15,10,2,21237.42,8,10,0.542,0
39,73248.7,10056.46,22,2,14582.66,21,1,0.137,1
22,64990.54,2493.04,22,1,8326.07,13,14,0.038,1
64,100773.64,15219.44,26,0,19549.24,15,13,0.151,1
46,34120.54,0.0,25,1,26837.11,19,10,0.0,1
52,50820.79,8140.02,24,0,16109.88,14,5,0.16,1
26,52429.85,5722.16,12,0,1000.0,25,14,0.109,1
52,74787.39,12606.23,4,2,35224.57,8,1,0.169,1
24,44857.84,12866.7,5,2,22282.68,0,11,0.287,0
31,31579.16,24599.57,0,2,15444.51,34,5,0.779,0
37,79156.19,30834.77,5,1,30285.9,19,9,0.39,0
58,48667.0,3822.21,17,1,38295.66,5,5,0.079,1
44,72572.87,34928.33,21,2,1000.0,9,2,0.481,1
25,70243.97,7207.04,8,0,25211.16,32,13,0.103,1
54,54402.19,16725.27,23,2,2880.21,15,2,0.307,1
26,51513.73,20108.63,24,1,25989.33,5,10,0.39,1
42,47168.7,39445.83,28,3,21535.13,18,9,0.836,0
31,54696.14,9577.18,14,1,27628.72,30,12,0.175,1
36,72262.0,0.0,25,2,14009.03,1,14,0.0,1
53,39071.2,29903.79,7,2,1000.0,17,5,0.765,0
29,57176.91,6666.26,18,1,14595.58,27,11,0.117,1
26,32627.37,11384.11,23,0,24882.17,3,8,0.349,1
36,35117.88,3822.5,15,1,32184.71,0,10,0.109,1
49,54381.22,11412.96,5,0,5938.02,15,4,0.21,1
23,15796.84,6596.08,28,1,32324.73,1,2,0.418,0
40,96211.17,21764.42,5,2,12225.53,0,4,0.226,1
56,31138.8,15807.92,21,0,24349.4,22,12,0.508,1
39,54198.23,8189.45,2,2,13881.27,25,11,0.151,1
46,78364.35,24958.72,9,1,22186.05,10,4,0.318,0
23,37741.89,17549.97,0,1,30702.53,0,11,0.465,0
39,15000.0,0.0,27,0,5275.83,10,9,0.0,1
40,46101.08,24197.03,13,0,11841.13,23,10,0.525,1
52,37503.59,16848.68,3,3,22219.55,9,11,0.449,0
27,15000.0,28907.32,25,1,48819.0,13,6,1.927,0
61,60697.8,16239.17,11,1,9641.72,13,10,0.268,1
53,59141.88,7082.91,5,1,44481.61,6,6,0.12,1
60,77846.53,12957.05,10,1,44053.08,22,5,0.166,1
59,32583.55,23039.19,11,1,18832.27,21,6,0.707,0
38,23017.27,7292.63,9,1,16422.17,26,1,0.317,1
60,46865.54,10597.03,17,1,11695.22,1,13,0.226,1
21,53233.15,12783.11,6,1,19181.57,18,5,0.24,1
31,73426.99,3506.28,6,3,3119.37,6,12,0.048,1
48,83211.36,7436.77,10,2,19085.13,11,6,0.089,1
45,79289.58,16725.5,3,1,37962.56,2,8,0.211,1
43,60530.87,27024.78,19,0,12666.98,4,4,0.446,1
51,70989.99,18171.47,0,0,17111.31,7,14,0.256,1
50,42190.13,14541.39,12,0,1000.0,13,5,0.345,1
62,58367.9,6687.29,17,4,24488.75,6,4,0.115,1
55,31174.2,25951.6,8,3,23173.78,6,7,0.832,0
27,56253.71,19335.05,25,3,20764.43,31,10,0.344,1
36,56772.93,7932.7,23,0,17398.08,7,6,0.14,1
46,89442.57,23986.48,23,1,16486.9,11,14,0.268,1
22,50420.34,20595.77,8,3,26022.8,9,4,0.408,0
21,56800.86,6864.7,22,2,19654.2,13,6,0.121,1
32,59739.23,13986.22,28,2,23779.66,8,13,0.234,1
25,45903.59,10072.27,8,1,22579.79,29,4,0.219,1
57,38950.15,41335.38,9,2,33481.13,4,12,1.061,0
52,80976.23,20317.45,27,0,28123.93,0,8,0.251,1
29,35381.65,16867.62,1,1,22314.34,0,11,0.477,0
61,28441.64,19726.63,5,0,38221.06,19,3,0.694,0
55,68605.31,28791.63,14,1,25043.22,10,8,0.42,0
39,78156.3,14166.2,2,1,35659.55,25,13,0.181,1
36,45971.81,9100.91,10,1,27283.31,2,2,0.198,0
23,46278.93,23442.83,5,0,1000.0,5,6,0.507,0
40,60650.87,13250.55,2,0,35658.02,10,8,0.218,1
44,40842.95,4301.05,23,2,21622.11,7,1,0.105,1
53,39365.75,2353.14,10,3,19376.54,28,6,0.06,1
44,72591.85,30292.97,14,1,23376.18,9,9,0.417,0
31,67142.62,16316.45,12,2,15860.2,33,13,0.243,1
28,81223.18,9104.33,19,0,22724.35,23,10,0.112,1
56,29948.22,12656.65,27,0,12897.49,16,10,0.423,1
58,44950.75,23074.45,9,2,35291.27,31,2,0.513,0
60,60623.59,12065.94,5,1,18636.94,10,11,0.199,1
40,36487.58,505.8,14,1,15408.99,33,13,0.014,1
55,67833.75,18258.41,24,1,8900.89,23,1,0.269,1
45,79492.54,27083.48,17,2,23225.31,4,2,0.341,1
55,43332.84,26414.64,17,2,22245.29,28,5,0.61,0
45,55771.84,9406.7,6,1,24661.1,33,6,0.169,1
49,84112.37,27691.73,14,3,7672.98,15,1,0.329,1
38,90985.43,17129.5,17,1,1000.0,24,7,0.188,1
38,69916.03,27411.47,17,1,27507.1,7,11,0.392,1
22,66868.58,20736.87,19,0,37815.7,28,4,0.31,1
55,37925.27,0.0,8,1,7683.76,24,9,0.0,1
36,62184.19,32467.39,23,0,39073.3,22,6,0.522,0
61,66136.42,15517.84,1,3,23406.93,33,9,0.235,1
56,50792.6,20767.94,7,1,19915.25,2,1,0.409,0
53,43104.47,1559.55,19,0,15229.42,29,4,0.036,1
24,29374.05,20053.27,1,1,3385.78,33,2,0.683,0
53,20245.4,26029.28,10,0,31852.74,31,6,1.286,0
34,16042.33,34353.2,25,0,10692.72,28,4,2.141,0
41,66588.85,29004.0,6,0,10642.32,8,9,0.436,0
40,57953.99,20542.25,5,0,31903.12,1,14,0.354,1
28,45323.78,0.0,29,1,1000.0,6,3,0.0,1
27,48370.87,16322.73,9,0,1716.83,4,1,0.337,1
23,59209.41,9074.9,4,0,19782.39,7,11,0.153,1
37,51708.74,17349.78,10,2,23519.41,31,13,0.336,0
53,28188.94,2836.74,0,2,25816.82,17,11,0.101,0
32,73260.0,12898.33,1,0,16378.42,17,1,0.176,1
42,61082.52,9828.17,23,1,50364.44,15,12,0.161,1
42,60317.97,9518.34,0,1,17265.29,20,9,0.158,1
50,71751.25,9617.64,18,1,17230.57,9,9,0.134,1
58,38727.09,13641.45,1,0,10436.16,3,5,0.352,0
58,79274.63,17861.95,20,2,21486.88,7,2,0.225,1
28,52199.14,0.0,19,1,27379.53,18,9,0.0,1
47,72771.98,0.0,28,0,34442.94,8,13,0.0,1
47,69688.98,11613.09,22,0,2128.59,29,12,0.167,1
54,34223.96,13022.31,20,1,17048.06,16,13,0.381,1
41,65058.01,16891.11,23,0,25360.44,14,8,0.26,1
50,61525.49,7723.28,3,1,27044.69,3,13,0.126,1
53,55606.23,15094.65,11,1,20078.58,5,11,0.271,1
48,53112.56,16265.23,21,1,26509.09,15,10,0.306,1
53,53282.14,7654.42,19,1,10292.43,25,10,0.144,1
25,71253.79,25134.56,17,2,38694.87,22,6,0.353,0
39,66558.21,16769.86,0,0,31911.54,12,7,0.252,1
24,55609.58,20469.61,29,2,3860.87,16,12,0.368,1
55,25161.28,15688.46,29,1,7098.76,26,6,0.624,1
37,64888.87,36036.73,0,2,7436.94,21,5,0.555,0
64,69472.27,20963.97,23,2,28135.64,18,4,0.302,0
48,101008.2,10120.07,13,0,4583.27,34,7,0.1,1
50,76508.66,23209.67,3,3,16027.71,12,4,0.303,0
49,17016.47,0.0,4,0,25456.45,13,10,0.0,1
26,56568.59,16196.0,10,2,19206.01,30,10,0.286,1
55,91227.5,18191.6,23,1,23106.65,1,10,0.199,1
61,67470.98,16310.21,27,1,7210.37,13,9,0.242,1
57,61573.04,11662.21,22,5,27138.25,8,5,0.189,0
44,73004.57,4877.27,12,1,12641.46,9,8,0.067,1
49,42552.44,7106.53,15,1,16104.56,6,12,0.167,1
51,64561.8,16020.75,23,3,22852.78,27,13,0.248,1
55,49990.64,3864.81,12,0,21236.94,24,12,0.077,1
53,54607.53,32701.68,23,1,20287.76,27,12,0.599,0
41,71569.09,0.0,21,1,10992.48,1,6,0.0,1
52,36465.74,11765.62,25,1,16405.41,16,4,0.323,1
43,80759.65,16103.9,1,2,20026.2,3,12,0.199,1
53,46543.76,20074.21,15,0,3498.98,12,3,0.431,1
23,60213.26,5840.75,5,0,14449.6,17,11,0.097,1
38,26989.84,26342.95,13,2,24652.16,2,6,0.976,0
45,69396.75,1061.69,0,1,4670.76,32,1,0.015,1
62,83930.08,9338.71,16,1,33878.98,23,2,0.111,1
51,44707.17,21207.48,10,2,35235.36,7,7,0.474,0
23,32795.53,25401.89,18,1,5058.19,34,4,0.775,0
60,60559.66,959.99,2,2,36291.44,1,5,0.016,1
44,84096.21,41450.37,10,0,18277.02,32,11,0.493,1
52,26002.87,6025.08,28,3,25022.17,11,10,0.232,0
42,32873.84,1878.18,4,0,14040.19,21,1,0.057,1
43,45916.21,20027.15,16,3,31076.54,12,2,0.436,0
22,38593.12,11517.07,25,0,24873.13,9,4,0.298,1
47,38656.29,10039.48,21,2,10230.16,16,8,0.26,0
62,15000.0,20956.44,6,1,6017.58,4,10,1.397,0
22,66781.14,0.0,9,0,2476.37,8,4,0.0,1
46,61774.41,0.0,27,0,22255.3,12,14,0.0,1
37,21023.02,9025.77,28,0,26869.66,22,3,0.429,1
60,84143.92,25779.02,10,1,27811.59,29,3,0.306,1
53,88621.85,9459.45,2,1,18584.23,3,12,0.107,1
29,39981.89,30991.57,19,0,6116.04,20,5,0.775,0
63,78330.97,27010.15,9,0,11815.1,8,3,0.345,1
59,43540.04,17829.46,26,1,33828.18,6,8,0.409,1
49,58622.33,18397.24,9,0,14184.46,15,5,0.314,1
62,38284.76,17820.03,13,3,21721.01,22,12,0.465,0
46,99285.03,16597.18,11,0,7092.19,22,14,0.167,1
55,49079.66,11337.58,14,1,24039.0,30,12,0.231,1
45,57528.98,12498.12,9,1,14507.79,4,14,0.217,0
44,41241.25,4300.4,29,1,32560.55,5,7,0.104,1
33,92226.31,0.0,9,3,29282.69,0,11,0.0,1
27,92732.29,26040.71,25,2,14051.53,27,8,0.281,1
56,87618.58,16572.58,18,3,18480.03,17,5,0.189,1
40,74128.81,15062.11,0,2,13386.61,23,8,0.203,1
21,42504.21,18984.49,23,1,2966.8,12,12,0.447,1
28,71557.0,6716.03,28,3,9710.69,32,3,0.094,1
36,54859.14,4989.38,25,0,22378.61,9,14,0.091,1
34,81248.17,12163.15,9,2,23903.11,6,12,0.15,1
32,77318.04,28680.98,1,0,21782.57,31,7,0.371,1
43,42014.69,3312.59,16,2,16379.2,21,8,0.079,1
35,73956.52,0.0,29,1,31196.8,15,7,0.0,1
48,68640.69,9785.99,23,1,20762.5,23,14,0.143,1
54,15000.0,26427.0,6,0,28439.05,13,2,1.762,0
22,71018.73,0.0,6,1,1000.0,10,8,0.0,1
52,46364.08,3197.16,19,0,1000.0,18,6,0.069,1
43,37279.15,17635.47,26,1,23405.46,22,10,0.473,1
42,38134.79,40699.07,8,2,2902.81,33,3,1.067,0
45,52295.14,1417.88,21,1,17450.58,12,4,0.027,1
42,64601.19,1030.66,1,0,16374.84,27,7,0.016,1
42,27690.76,18386.98,13,1,39048.81,15,3,0.664,0
62,58796.96,27046.74,16,2,24799.96,27,1,0.46,0
26,66535.16,8759.01,0,0,21990.31,3,6,0.132,1
35,92236.12,0.0,8,0,30043.89,27,3,0.0,1
63,33466.2,19337.49,19,1,24421.97,11,11,0.578,0
57,48007.76,21148.41,20,1,14507.88,15,10,0.441,1
53,60233.26,32786.55,18,2,32857.71,19,6,0.544,0
28,77948.19,21569.47,3,2,6683.0,25,10,0.277,0
64,48915.52,23280.66,27,1,23878.97,25,12,0.476,1
64,78972.83,12378.55,7,1,1429.16,21,3,0.157,1
25,16252.75,39415.04,12,4,22447.33,8,6,2.425,0
59,29933.04,11018.58,3,3,22315.88,4,11,0.368,0
24,61972.89,8880.78,8,2,40117.46,16,4,0.143,1
26,26783.51,33095.15,8,1,1220.31,33,13,1.236,0
52,31510.59,257.63,21,0,12789.35,1,4,0.008,1
50,44444.46,0.0,17,0,29872.19,6,10,0.0,1
55,70428.78,16195.57,11,1,24023.81,12,10,0.23,1
60,17080.7,14982.63,9,2,22163.66,19,11,0.877,0
36,58405.97,12721.12,10,1,8526.37,29,2,0.218,1
33,75659.28,24939.3,6,0,12910.18,29,14,0.33,1
62,51101.1,5917.94,8,3,34940.49,10,4,0.116,1
50,47623.4,15641.67,5,1,19381.89,30,11,0.328,1
39,63035.43,11398.94,18,0,24504.32,2,12,0.181,1
37,51157.78,6087.81,15,0,18617.74,1,4,0.119,1
39,82810.0,14381.6,29,0,5802.97,2,11,0.174,1
48,32771.74,23525.96,14,1,31205.73,14,7,0.718,0
46,53967.12,36205.68,6,2,26038.79,16,5,0.671,0
57,59113.73,20794.19,15,0,47667.64,6,8,0.352,1
46,47430.92,0.0,4,1,7813.02,4,7,0.0,1
43,15000.0,14618.6,15,2,29870.88,33,10,0.975,0
29,51781.9,15498.03,0,1,4261.47,32,9,0.299,1
32,73003.54,24362.09,18,1,21888.16,15,8,0.334,1
21,70562.18,16848.1,4,0,31718.08,2,9,0.239,0
21,62095.57,27530.89,6,0,1000.0,20,1,0.443,1
54,33042.75,18916.71,18,1,17540.81,7,10,0.572,0
52,62906.19,30587.98,21,0,13241.48,21,13,0.486,1
45,43531.24,10612.54,4,3,11576.51,4,12,0.244,0
60,62069.66,16443.43,28,2,24622.55,16,3,0.265,1
21,57430.1,23266.42,16,2,33448.23,13,5,0.405,0
36,35472.49,9278.06,25,0,18400.66,27,9,0.262,1
59,37150.88,7099.87,21,1,22465.84,30,8,0.191,1
25,62100.45,8706.48,29,3,21371.71,16,14,0.14,1
42,50577.74,7507.84,7,0,20021.64,34,10,0.148,1
49,38194.37,20225.62,28,2,6927.89,21,7,0.53,0
23,36543.4,0.0,28,1,33301.34,28,2,0.0,1
32,48923.38,0.0,0,0,23542.34,9,11,0.0,1
46,86362.1,33627.46,1,0,24738.58,17,6,0.389,0
36,44478.44,7749.03,29,0,10321.88,34,4,0.174,1
57,54719.61,17000.15,14,0,14489.36,15,5,0.311,1
42,57032.89,108.54,19,1,17886.39,6,14,0.002,1
49,32379.47,15941.24,27,2,1590.5,29,5,0.492,1
34,19743.35,7809.93,17,3,1000.0,18,13,0.396,0
48,34467.19,0.0,10,0,12791.02,22,4,0.0,1
25,59941.55,28369.2,24,4,26270.25,7,4,0.473,0
50,56746.62,26825.66,9,1,12162.35,16,4,0.473,0
25,69048.13,13926.45,23,0,7774.34,20,11,0.202,1
32,56935.0,24994.19,23,1,10223.77,25,2,0.439,0
36,52809.01,34032.93,3,2,14535.89,27,1,0.644,0
46,42919.75,22540.76,4,3,15753.69,32,12,0.525,0
46,72692.14,19796.8,3,1,45986.26,18,2,0.272,0
41,36616.4,16989.5,12,1,32655.45,28,7,0.464,0
59,32792.01,21494.97,24,1,32297.29,19,12,0.655,0
56,66341.11,11360.81,12,1,34022.96,19,1,0.171,1
53,28336.85,12233.64,17,2,8014.15,9,6,0.432,0
50,103295.82,19508.91,28,0,5331.62,11,4,0.189,1
57,56599.87,10261.35,26,3,6717.56,32,2,0.181,1
43,61958.12,11342.0,23,0,36014.07,24,3,0.183,1
30,38831.6,15001.87,1,4,13433.7,24,7,0.386,0
25,48694.7,26506.08,15,1,4983.73,3,6,0.544,0
56,46464.86,3673.36,0,1,14828.05,3,6,0.079,1
54,44163.3,22591.79,25,0,17136.73,8,8,0.512,0
51,67659.24,22917.96,18,2,23220.96,14,8,0.339,0
30,46008.48,22858.12,8,2,23011.41,25,6,0.497,0
39,75350.02,6932.54,27,2,10061.83,14,1,0.092,1
52,108263.65,0.0,2,1,28227.88,25,10,0.0,1
21,49089.18,20597.0,24,3,12329.68,27,13,0.42,1
25,58046.31,16875.39,6,3,18124.68,6,7,0.291,0
24,62589.64,25043.77,28,2,28241.29,31,8,0.4,0
36,91230.1,7994.63,9,1,12298.14,11,5,0.088,1
44,53347.04,22601.18,0,1,13167.78,34,13,0.424,1
36,38419.66,25544.12,9,1,27100.02,31,11,0.665,0
22,29673.19,14046.9,20,1,9707.2,8,4,0.473,0
48,53840.32,19169.3,8,0,15382.5,13,7,0.356,1
52,46032.4,18819.66,27,3,26668.91,12,12,0.409,0
47,95200.19,6785.3,14,3,44649.11,32,12,0.071,1
40,90397.25,20310.97,14,3,27264.85,31,11,0.225,1
44,34312.54,31224.98,2,0,25671.68,18,13,0.91,0
32,40784.8,15222.04,24,1,26369.62,29,6,0.373,1
55,56475.4,390.75,4,0,7121.72,15,12,0.007,1
53,82944.53,8127.73,8,0,21387.16,11,6,0.098,1
53,56140.26,0.0,25,1,19642.8,9,14,0.0,1
63,42055.19,27902.61,21,1,23859.01,1,3,0.663,0
57,53822.36,22641.05,8,1,21398.1,17,11,0.421,0
32,42430.3,9986.31,22,0,24556.4,12,10,0.235,1
23,67049.54,819.4,6,2,16262.39,28,4,0.012,1
21,40819.33,6667.05,23,1,20703.31,23,5,0.163,1
53,44791.28,8617.23,22,3,5266.06,11,9,0.192,1
60,78238.68,16094.08,11,1,16161.11,28,8,0.206,1
30,39632.7,15757.59,24,2,36690.0,21,3,0.398,0
63,26077.44,28414.32,26,1,23825.7,0,6,1.09,0
64,56899.88,8072.45,8,1,19748.95,33,10,0.142,1
49,47790.53,0.0,5,1,42753.48,33,1,0.0,1
33,65228.31,3430.22,22,2,3669.98,32,3,0.053,1
32,61349.44,14769.75,1,1,6686.53,3,10,0.241,0
51,54361.63,7713.22,8,1,40552.54,29,14,0.142,1
22,53779.13,12079.91,27,2,20551.53,19,12,0.225,1
55,40282.83,10459.66,28,2,17089.0,25,7,0.26,1
43,56666.94,24902.38,16,0,5609.55,14,7,0.439,0
37,72625.7,9130.34,0,2,25372.36,6,2,0.126,1
46,35531.07,11226.58,18,0,26533.52,6,3,0.316,1
28,54892.05,22172.84,27,0,6866.07,28,7,0.404,1
49,75767.78,9350.18,5,1,18316.69,22,12,0.123,1
46,65108.48,19232.12,4,2,15973.81,33,6,0.295,0
30,81189.46,18314.85,1,1,23071.73,19,13,0.226,1
46,43637.15,16417.66,8,1,6569.0,14,7,0.376,0
54,18384.63,3656.04,29,2,35023.37,32,10,0.199,1
61,59013.04,27297.74,28,0,30989.89,16,9,0.463,1
27,62251.42,37206.84,25,1,15641.89,19,8,0.598,0
24,82368.44,15088.28,13,2,17402.98,12,6,0.183,1
31,78762.91,4536.45,3,3,18362.93,23,12,0.058,1
49,65734.87,15291.03,3,0,10660.3,6,14,0.233,0
56,70307.8,24898.6,20,0,14678.85,7,4,0.354,1
45,51163.57,8848.12,14,1,16756.76,22,14,0.173,1
41,30617.71,13711.01,7,1,39354.42,13,13,0.448,0
56,57354.42,18406.54,25,1,31359.42,3,10,0.321,1
30,74651.47,27030.48,3,0,31215.86,20,9,0.362,1
57,68127.22,22754.24,15,1,24439.11,9,7,0.334,1
29,71676.15,23168.68,20,1,6592.08,21,5,0.323,1
44,46444.89,10737.31,27,1,19502.11,29,2,0.231,1
55,49689.06,19019.19,3,0,31645.86,29,9,0.383,1
55,64668.51,7780.37,29,0,4900.82,15,14,0.12,1
56,44069.85,23455.26,15,2,27638.64,10,7,0.532,0
38,44685.66,26512.2,21,0,47871.31,21,9,0.593,0
59,60959.64,20533.64,11,1,32741.8,28,11,0.337,1
52,70218.09,11325.89,15,2,36968.35,24,9,0.161,1
44,51009.43,12962.73,18,0,22620.07,13,10,0.254,1
43,31736.21,33065.16,7,2,31615.18,13,5,1.042,0
52,40283.92,11492.9,5,1,11385.76,1,7,0.285,1
57,59073.44,25499.94,9,0,29550.37,12,5,0.432,0
32,58830.42,18388.92,4,1,27852.66,2,3,0.313,0
33,59824.76,11658.64,28,2,23478.93,29,10,0.195,1
43,65425.91,1553.51,17,0,35792.09,17,8,0.024,1
45,55116.21,17116.0,9,1,13534.58,20,8,0.311,1
55,60301.12,15911.01,9,1,17755.31,18,9,0.264,1
61,54099.46,33065.35,6,1,21145.54,15,11,0.611,0
50,77974.67,6398.07,17,0,7644.67,27,14,0.082,1
37,83646.84,37947.69,0,0,22723.18,3,12,0.454,0
40,31219.77,18788.11,6,0,1000.0,14,6,0.602,0
45,49894.96,18778.29,20,1,32563.45,0,2,0.376,0
42,55654.49,9069.28,0,0,20559.65,15,3,0.163,1
33,49661.71,18147.06,14,0,13749.29,19,13,0.365,1
39,90858.45,19730.51,3,3,9987.52,32,11,0.217,1
56,59479.11,24373.27,27,1,17185.05,16,12,0.41,1
32,38892.56,5216.78,28,2,28259.12,4,10,0.134,1
61,66928.85,29067.81,19,0,26572.87,4,11,0.434,1
39,60419.49,18614.16,9,0,11533.54,12,6,0.308,1
32,61083.86,21082.29,22,2,9847.52,29,1,0.345,1
29,91157.52,12790.58,8,0,27882.78,3,14,0.14,1
27,62015.7,5718.57,1,2,11331.83,22,2,0.092,1
48,48926.77,15727.25,27,1,20718.92,20,8,0.321,1
34,15894.47,16872.96,13,3,21485.06,20,11,1.062,0
51,51692.02,1145.72,15,2,23744.75,5,8,0.022,1
39,81119.4,22932.85,0,1,30299.25,23,6,0.283,1
36,53176.62,24965.25,1,2,4844.44,30,3,0.469,0
25,15000.0,7703.35,6,1,1000.0,18,14,0.514,0
55,45032.75,4774.15,28,1,13190.63,11,2,0.106,1
32,74853.77,11970.39,9,0,41618.34,13,13,0.16,1
45,65916.34,15238.95,21,1,44266.09,11,6,0.231,0
41,38202.38,12358.29,19,1,41974.13,14,1,0.323,0
56,43694.3,14390.82,0,2,17684.22,18,14,0.329,0
43,46785.83,17214.78,12,0,1000.0,27,10,0.368,1
36,41745.72,1317.31,0,2,1000.0,4,6,0.032,1
59,15000.0,2467.04,4,1,12631.54,4,9,0.164,1
62,70271.82,0.0,15,1,17623.12,5,7,0.0,1
59,80141.2,24425.45,14,0,35607.5,22,9,0.305,1
34,24631.02,15152.27,16,0,30413.67,2,2,0.615,0
51,79877.06,25478.51,27,0,22728.86,32,11,0.319,1
25,52939.54,3622.62,22,0,9321.86,20,14,0.068,1
55,79502.65,15244.07,15,1,8470.65,19,5,0.192,1
43,55759.01,17148.27,12,0,23049.53,0,9,0.308,1
49,57710.89,9382.18,10,0,28364.61,16,7,0.163,1
63,62448.69,0.0,16,2,24702.58,28,9,0.0,1
31,39198.67,32458.71,16,1,7584.82,7,14,0.828,0
38,78893.48,28992.83,1,1,27808.01,25,11,0.367,0
32,32572.39,11180.68,12,3,25110.93,27,6,0.343,0
29,46958.67,20102.28,13,2,7152.0,33,7,0.428,1
30,65485.29,10152.09,10,1,10588.15,25,10,0.155,1
64,44816.1,5045.96,27,0,28261.95,12,5,0.113,1
37,70550.62,33272.62,9,0,17185.91,12,6,0.472,0
58,82517.32,0.0,2,1,39069.77,24,1,0.0,1
27,75250.92,12144.96,28,1,26013.55,22,1,0.161,1
33,16277.69,15843.24,26,1,14160.43,21,2,0.973,0
60,57516.94,31512.37,16,1,19877.53,20,11,0.548,0
62,75573.65,23965.89,14,0,20760.6,29,14,0.317,1
29,28665.02,0.0,8,1,11259.32,10,4,0.0,1
47,69472.21,14972.5,9,2,9048.94,3,11,0.216,1
22,68349.22,15210.6,7,2,28416.68,32,9,0.223,1
25,30758.2,12716.62,20,2,30143.28,11,7,0.413,0
49,71684.65,21198.09,12,0,27245.38,8,6,0.296,1
57,60453.96,908.93,26,2,38183.82,31,1,0.015,1
58,68007.64,10913.64,17,0,13498.72,10,5,0.16,1
39,35673.75,19788.19,4,1,40091.25,23,11,0.555,0
28,58002.72,21795.76,5,2,9188.95,6,12,0.376,0
21,20902.43,16494.19,29,3,7847.77,7,13,0.789,0
42,15000.0,12116.08,16,2,1000.0,32,4,0.808,0
37,57816.57,13800.59,10,0,14650.46,24,5,0.239,1
27,77011.95,22404.07,19,0,13955.33,0,11,0.291,1
45,60058.74,15339.01,15,2,26311.25,2,9,0.255,0
24,53731.08,4581.52,8,2,22926.69,27,12,0.085,1
56,51249.32,2665.02,1,1,5684.32,32,3,0.052,1
26,36148.69,103.63,4,1,15287.29,0,4,0.003,1
51,50562.78,29555.81,0,1,15542.46,26,8,0.585,0
39,63433.69,23074.62,3,0,1000.0,34,3,0.364,1
64,46295.56,13935.12,3,1,8228.64,9,13,0.301,0
59,70011.74,10462.08,21,1,10750.24,11,3,0.149,1
47,58919.5,9260.7,25,1,37203.5,9,13,0.157,1
30,61339.59,25932.37,24,1,22297.41,33,9,0.423,1
46,72773.26,34044.34,2,3,27946.03,23,5,0.468,0
39,44464.89,8946.07,8,1,2016.37,27,10,0.201,1
59,68187.61,26384.16,21,1,34330.57,21,1,0.387,1
23,47270.47,15280.13,22,2,35613.22,15,7,0.323,0
33,61790.29,12875.71,11,1,1000.0,12,7,0.208,1
48,42084.57,30042.14,9,3,11536.2,22,6,0.714,0
40,36785.92,14898.34,1,0,25949.19,13,6,0.405,0
48,56837.29,17963.64,10,2,27732.66,31,3,0.316,1
28,17296.0,17482.74,9,2,11858.06,2,3,1.011,0
61,49074.65,0.0,29,0,16334.01,26,10,0.0,1
59,22872.46,17884.11,21,0,12831.43,18,11,0.782,0
21,70584.68,9373.08,5,2,21325.02,21,9,0.133,1
23,76002.21,788.47,17,3,34366.14,0,1,0.01,1
33,37720.98,9828.63,1,1,10747.49,4,7,0.261,0
48,63566.26,9746.11,29,2,32009.85,32,13,0.153,1
45,72982.71,25298.83,1,1,10619.94,18,12,0.347,1
53,73049.38,4362.1,9,1,9828.47,5,11,0.06,1
58,59289.02,7101.53,15,1,29823.14,14,10,0.12,1
26,69686.09,17353.88,11,0,31063.24,32,7,0.249,1
64,42013.37,1742.06,0,1,30216.92,23,8,0.041,1
52,56662.45,8409.93,20,0,4210.43,26,6,0.148,1
41,45657.93,0.0,7,1,14408.59,10,8,0.0,1
36,40324.24,24200.11,15,0,29875.86,22,1,0.6,0
41,55721.27,11986.37,17,1,20498.5,32,1,0.215,1
31,61950.61,14840.82,12,3,7115.69,28,9,0.24,1
57,78270.18,24160.1,14,0,25499.82,30,12,0.309,1
56,60303.11,7777.31,20,0,11422.31,0,4,0.129,1
55,67838.61,11880.13,11,3,41534.3,33,3,0.175,1
39,68065.66,4436.72,7,0,38538.1,17,6,0.065,1
40,108750.69,4414.96,9,1,27249.17,17,10,0.041,1
38,18799.35,5794.17,13,0,36332.08,5,12,0.308,1
61,41241.32,10075.1,4,3,20777.5,0,13,0.244,0
34,84481.12,11152.04,17,2,29185.25,29,12,0.132,1
35,47959.74,17886.32,18,2,37732.64,3,9,0.373,0
51,72716.06,6087.83,14,4,22945.98,31,10,0.084,1
21,59600.19,18196.33,5,0,16937.75,9,11,0.305,1
23,97104.05,19850.01,26,1,1000.0,4,4,0.204,1
36,32738.91,10321.78,10,2,19002.4,8,9,0.315,0
43,79436.01,6952.75,20,1,29881.08,4,5,0.088,1
31,89991.63,15850.79,10,2,31347.6,10,13,0.176,1
32,34711.62,12970.83,19,2,26052.38,34,7,0.374,1
30,70657.4,17203.52,19,0,13504.41,26,3,0.243,1
52,35690.04,30698.66,20,2,1000.0,3,3,0.86,0
36,55603.23,15686.37,17,0,14057.42,9,12,0.282,1
28,49868.24,8607.69,24,2,16347.86,32,3,0.173,1
58,15000.0,6091.1,17,0,16244.85,7,8,0.406,0
32,63484.69,6477.98,9,2,27422.68,23,14,0.102,1
44,57866.78,372.34,1,1,43828.12,32,6,0.006,1
48,84581.58,24327.44,25,2,21482.35,18,9,0.288,1
28,67222.87,0.0,29,3,17399.22,1,9,0.0,1
48,100817.68,19881.05,8,1,16889.34,10,8,0.197,1
56,57140.85,6319.36,13,1,21492.62,34,1,0.111,1
46,52889.4,9875.95,18,1,10060.47,16,6,0.187,1
28,51312.87,6020.12,9,1,21442.38,2,4,0.117,1
48,46208.23,29458.65,22,3,25409.75,21,4,0.638,0
48,15000.0,15163.16,3,1,22516.23,34,3,1.011,0
57,50596.11,22903.79,28,0,25490.5,20,12,0.453,1
61,15000.0,28005.27,28,2,25204.97,24,9,1.867,0
56,64040.67,16634.05,5,2,1000.0,1,2,0.26,0
47,30198.79,3043.76,13,0,27642.44,0,1,0.101,1
37,37113.35,12793.57,3,1,11947.82,6,14,0.345,0
29,41611.8,7577.52,25,0,6849.93,19,10,0.182,1
53,50901.3,9964.96,14,1,6746.58,5,3,0.196,1
40,55137.37,14053.76,15,1,25202.5,20,13,0.255,1
33,76689.59,13658.44,6,1,17329.1,34,4,0.178,1
48,43449.4,19121.09,16,3,1000.0,7,4,0.44,0
49,64602.92,20573.04,18,0,25736.45,3,6,0.318,1
33,109617.34,13658.55,28,1,2724.7,15,1,0.125,1
55,62547.01,19034.69,18,3,21677.86,2,1,0.304,0
26,51390.2,9506.4,16,0,22861.99,6,2,0.185,1
38,39416.97,28147.8,5,1,30626.92,1,4,0.714,0
25,51113.37,9344.89,28,0,41380.22,0,7,0.183,1
45,37275.59,26971.86,10,1,3623.88,0,6,0.724,0
22,60373.23,239.33,15,1,19370.31,6,11,0.004,1
30,57070.88,11195.93,29,4,16683.98,23,9,0.196,1
50,15000.0,11690.22,24,1,25205.0,4,7,0.779,0
25,54628.84,17789.92,7,0,22588.03,20,12,0.326,1
53,76522.93,23618.17,10,1,15769.45,27,5,0.309,1
21,47017.76,2506.05,6,1,14709.17,17,6,0.053,1
38,41942.06,3920.17,25,1,6602.59,23,10,0.093,1
52,27445.98,980.92,23,0,31854.34,31,9,0.036,1
31,17840.16,28201.84,21,0,25510.45,32,1,1.581,0
41,71626.99,17976.05,24,0,31013.22,9,11,0.251,1
46,51370.43,4156.29,18,0,16275.25,8,9,0.081,1
45,70440.43,10569.05,25,1,12117.97,32,6,0.15,1
42,85626.47,26817.61,9,1,7060.22,32,12,0.313,1
47,73424.95,12218.81,8,2,24307.01,6,4,0.166,1
33,44152.55,11628.12,3,1,7522.48,3,12,0.263,0
53,57897.35,7187.03,22,1,42183.96,27,5,0.124,1
54,42704.54,4750.08,14,2,4308.29,22,13,0.111,1
61,40834.23,26833.24,12,1,23283.92,31,1,0.657,0
55,61856.3,31739.02,24,2,38802.26,15,7,0.513,0
21,38354.12,5148.06,1,0,27189.08,9,13,0.134,1
41,15000.0,29049.42,1,2,22108.08,13,13,1.937,0
26,37237.04,10126.11,15,0,8378.2,33,8,0.272,1
48,48862.38,20336.48,8,2,3418.77,23,11,0.416,0
37,85427.97,29102.14,27,1,29240.6,17,5,0.341,1
25,45181.25,13549.23,12,1,38073.77,15,2,0.3,0
51,65238.48,11720.58,2,3,14733.8,24,8,0.18,0
25,51633.84,23010.81,8,0,6331.26,7,10,0.446,1
58,79528.1,3900.47,12,1,1000.0,23,7,0.049,1
23,78141.93,26470.61,20,2,8230.82,19,10,0.339,1
43,78523.5,16428.09,21,0,18636.12,29,9,0.209,1
57,20320.33,9222.49,1,0,39189.48,19,4,0.454,0
57,59134.48,8958.32,7,3,28077.6,17,11,0.151,0
30,70178.77,1165.37,26,1,23661.02,3,9,0.017,1
30,62630.77,9638.28,8,0,15198.56,5,4,0.154,1
39,67731.93,12359.62,15,1,13002.01,2,3,0.182,1
37,56167.02,4387.06,1,0,36867.77,17,11,0.078,1
41,40104.32,14545.35,5,2,22408.86,17,3,0.363,0
34,21058.05,19729.17,21,1,1000.0,22,10,0.937,0
29,42088.61,12865.28,7,4,11917.52,34,2,0.306,1
21,108562.2,21627.26,25,1,9701.41,5,10,0.199,1
33,45286.98,6928.6,27,1,13444.83,25,3,0.153,1
24,15812.2,25033.83,4,1,26754.93,20,14,1.583,0
21,69652.99,16218.15,8,2,18710.66,23,8,0.233,1
60,72109.2,30452.57,0,1,19077.62,14,11,0.422,0
52,80746.49,39142.17,8,0,35761.68,26,8,0.485,0
54,64419.57,10297.56,9,2,11642.47,31,2,0.16,1
48,71912.03,10709.36,22,1,42370.39,11,11,0.149,1
51,91804.34,12537.58,3,0,11944.31,4,2,0.137,1
28,40090.53,20957.02,2,2,21070.38,6,2,0.523,0
59,36122.99,28259.7,29,1,16625.56,21,10,0.782,0
46,33108.27,8471.92,9,1,21481.03,26,7,0.256,0
54,49684.61,18812.44,14,0,25335.1,14,6,0.379,1
23,83668.45,13640.73,10,0,25206.02,34,12,0.163,1
32,65561.37,21181.09,13,1,10962.59,25,11,0.323,1
21,64773.84,30094.58,5,3,6525.02,22,1,0.465,0
64,18613.84,12596.72,11,1,50038.06,12,2,0.677,0
25,41136.26,0.0,12,1,14192.19,25,14,0.0,1
50,18286.85,22439.02,16,5,28390.55,2,1,1.227,0
50,78424.92,6672.95,15,3,1000.0,28,12,0.085,1
37,86712.93,13568.84,2,3,16644.65,1,11,0.156,1
43,70591.33,22870.31,1,2,18473.61,27,7,0.324,0
35,35264.28,17973.95,10,2,25673.78,22,6,0.51,0
57,84640.45,13982.8,28,1,1000.0,5,2,0.165,1
41,49934.9,9241.18,8,1,21993.69,10,2,0.185,0
34,30710.81,0.0,2,0,6203.1,33,2,0.0,1
22,35711.91,21983.21,28,3,23892.15,16,8,0.616,0
31,46396.87,12470.48,17,1,7564.05,2,14,0.269,1
59,55991.57,30133.36,19,1,9734.21,33,7,0.538,1
58,51773.12,18980.28,14,1,16716.47,21,1,0.367,1
54,26746.63,9588.75,13,0,7372.05,28,4,0.359,1
58,79266.33,25668.7,1,1,14293.59,28,11,0.324,1
54,51987.88,26511.29,16,0,5679.49,4,4,0.51,0
38,40724.92,12809.68,21,3,1000.0,9,7,0.315,0
50,77206.05,26936.45,25,3,32215.48,9,2,0.349,1
35,31331.88,9446.92,7,3,4447.42,8,4,0.302,0
47,22422.2,16596.48,9,0,17855.83,20,1,0.74,0
54,80449.75,20714.08,25,0,29034.69,12,13,0.257,1
58,92827.76,22847.82,17,0,12620.67,9,13,0.246,1
53,45758.08,21215.22,29,1,10098.01,10,11,0.464,0
44,54080.6,11673.43,24,0,22714.86,3,11,0.216,1
35,32066.71,25936.98,28,0,33415.21,30,4,0.809,0
50,55109.85,13755.73,18,0,5968.22,33,11,0.25,1
62,45485.89,9309.73,7,0,18198.23,34,14,0.205,1
37,52957.43,9456.62,27,2,1000.0,32,1,0.179,1
25,63185.17,34399.88,7,1,15281.59,7,2,0.544,0
49,33037.09,7580.17,2,0,20410.46,31,2,0.229,1
24,47763.77,27916.35,2,3,9744.5,32,12,0.584,0
30,18924.37,3645.33,11,0,14516.1,7,10,0.193,1
37,47900.25,19879.05,21,3,3101.28,13,12,0.415,0
30,53131.32,17970.83,16,3,20924.94,33,3,0.338,1
37,59579.65,31212.27,3,3,32668.33,7,8,0.524,0
40,59791.53,8455.98,16,2,6834.27,6,11,0.141,1
44,73078.46,5693.36,13,2,12527.94,12,6,0.078,1
25,24206.67,13834.9,18,2,26030.55,20,6,0.572,0
54,25274.46,31648.02,8,3,34545.09,31,9,1.252,0
26,65579.16,6158.42,29,1,2081.72,10,8,0.094,1
22,15000.0,0.0,29,1,17974.58,13,2,0.0,1
33,58666.0,15597.68,20,2,23397.57,10,6,0.266,1
63,31394.14,24495.23,11,0,18775.32,1,1,0.78,0
63,86456.29,4861.94,4,2,1000.0,33,13,0.056,1
31,60009.05,23479.32,10,3,26013.08,16,14,0.391,0
43,50616.88,4640.89,19,1,38232.04,13,9,0.092,1
36,79554.42,13534.41,2,1,21399.94,24,4,0.17,1
51,33731.96,22526.82,20,3,7626.73,26,4,0.668,0
31,37531.81,3125.35,14,0,13842.47,7,9,0.083,1
36,29770.9,16815.13,13,0,41238.96,16,3,0.565,0
28,37699.22,27149.74,10,2,30919.55,4,5,0.72,0
24,56222.31,19739.34,19,3,27680.32,11,1,0.351,0
60,64879.04,7793.74,7,2,24276.95,17,6,0.12,1
24,74228.43,30187.18,3,0,12066.35,25,3,0.407,1
45,18505.52,21583.93,26,1,17593.15,30,1,1.166,0
23,51562.74,0.0,11,1,19064.93,5,10,0.0,1
52,32836.71,23642.44,7,1,26594.89,14,6,0.72,0
23,50894.26,9286.26,5,1,38107.03,25,14,0.182,1
47,101683.27,16965.64,14,0,33420.06,11,12,0.167,1
49,60837.24,25080.04,29,1,2967.39,13,10,0.412,1
52,72989.3,9503.95,11,1,22687.94,0,2,0.13,1
39,94213.83,0.0,15,3,28841.16,16,8,0.0,1
41,77547.16,30055.45,15,0,27426.32,32,14,0.388,1
25,46041.71,26645.83,26,0,12449.19,28,13,0.579,1
38,29483.36,14127.44,20,0,54969.31,30,11,0.479,0
48,54397.11,23534.21,19,0,4674.99,7,12,0.433,1
62,43645.88,11306.13,19,1,7001.74,29,2,0.259,1
42,24509.57,15969.7,27,1,22803.14,12,4,0.652,0
41,59818.5,13557.12,3,1,45401.64,15,14,0.227,1
26,60317.73,11710.56,10,0,9965.66,1,3,0.194,1
21,90382.33,18593.03,12,1,16810.06,17,9,0.206,1
25,47764.74,2918.21,28,0,32927.52,34,2,0.061,1
61,60602.43,12484.19,8,2,19785.65,18,3,0.206,1
32,41690.29,18144.79,3,0,15984.75,12,7,0.435,0
46,72463.39,33381.01,11,4,26787.59,3,4,0.461,0
54,52507.64,3324.66,8,0,23270.22,18,6,0.063,1
34,31548.17,20205.53,12,1,32365.27,24,3,0.64,0
46,54730.56,21301.49,15,2,35497.63,30,1,0.389,0
47,62810.46,0.0,25,4,23684.04,3,11,0.0,1
29,60105.47,19105.32,5,0,23500.79,6,6,0.318,1
46,75917.93,23802.85,9,2,22569.33,15,4,0.314,0
42,26038.87,20886.53,12,1,25869.57,4,2,0.802,0
50,38145.15,14160.73,6,0,20662.05,22,7,0.371,1
63,67795.75,18332.4,27,1,19992.7,31,10,0.27,1
37,40494.62,16698.45,25,1,34359.53,23,13,0.412,1
46,59809.42,0.0,18,1,38193.39,24,12,0.0,1
56,15000.0,16933.2,23,1,1909.36,27,13,1.129,0
21,109318.93,11329.3,18,0,20120.25,18,5,0.104,1
28,49605.63,7951.78,16,1,11735.67,6,6,0.16,1
55,78879.13,39849.7,12,2,16268.34,16,6,0.505,0
35,48262.04,27526.16,12,2,24830.19,1,14,0.57,0
42,63293.97,3498.28,25,0,28033.26,15,9,0.055,1
34,84838.39,18466.36,27,2,18654.48,17,12,0.218,1
46,78316.12,29580.25,20,1,1000.0,0,2,0.378,0
48,50910.9,38.01,1,2,8419.45,2,12,0.001,1
43,52294.91,15769.83,9,1,30758.0,20,6,0.302,1
34,75071.33,16240.73,29,0,1000.0,29,9,0.216,1
44,101664.89,2255.07,21,2,34249.13,10,12,0.022,1
22,58845.65,18795.5,12,2,26254.76,21,4,0.319,1
46,94141.27,26162.46,25,2,35794.11,24,13,0.278,1
34,50171.71,30080.48,8,5,17617.17,2,12,0.6,0
27,74039.21,12506.36,0,2,1000.0,29,13,0.169,1
23,77023.12,40016.45,13,0,25164.35,23,13,0.52,1
43,46800.79,0.0,28,2,35295.84,22,11,0.0,1
63,40058.44,18562.17,15,3,31096.66,7,6,0.463,0
38,77907.78,877.06,19,1,12047.7,3,7,0.011,1
58,44368.86,15901.83,14,0,21041.13,30,1,0.358,1
55,37113.0,9780.93,0,1,13605.96,28,5,0.264,0
35,41320.81,20068.77,16,3,10168.8,12,4,0.486,0
45,44287.73,13731.19,23,0,31464.66,8,13,0.31,1
57,72132.34,6740.16,29,0,5629.61,20,13,0.093,1
48,65300.85,7397.09,29,1,9274.2,2,13,0.113,1
30,69313.16,34324.59,12,0,6751.69,24,10,0.495,1
59,63427.6,19435.24,29,1,2117.03,24,2,0.306,1
37,43123.2,0.0,26,1,21756.97,11,2,0.0,1
59,68942.06,20507.88,14,0,33938.04,28,2,0.297,1
42,78649.08,13053.23,15,0,17781.48,10,7,0.166,1
46,66690.06,15046.01,15,1,1931.03,10,11,0.226,1
64,63993.12,23198.88,1,3,30079.33,25,13,0.363,0
45,39658.91,26832.27,16,1,40228.42,13,11,0.677,0
37,59236.34,6411.87,10,2,12245.09,15,4,0.108,1
33,38595.17,14702.58,7,1,14257.35,9,6,0.381,0
40,54519.44,9538.89,19,0,26187.93,30,7,0.175,1
45,22194.67,20968.62,2,0,39462.48,30,9,0.945,0
24,22348.83,12676.96,28,1,13761.99,9,11,0.567,0
30,51179.05,15292.51,11,0,4010.6,25,2,0.299,1
23,44031.21,12297.23,19,1,27577.02,19,10,0.279,1
61,57135.74,13938.8,15,1,29588.82,8,12,0.244,1
38,52304.63,32046.51,13,0,20073.58,14,13,0.613,0
56,55603.82,38907.66,15,1,13302.4,8,9,0.7,0
42,67172.15,18770.92,26,1,31932.54,6,11,0.279,1
54,45734.62,14000.3,20,1,26336.43,25,5,0.306,1
28,50611.12,0.0,16,2,10778.77,23,13,0.0,1
60,84100.42,7395.82,29,1,20589.14,11,6,0.088,1
64,55061.68,13732.64,10,1,3779.51,19,6,0.249,1
39,51415.79,7849.37,16,1,28230.69,13,11,0.153,1
62,56650.25,8900.99,18,2,16853.2,21,3,0.157,1
61,51772.71,30753.89,21,2,14771.47,15,11,0.594,0
57,40808.55,15287.91,0,0,19605.51,28,11,0.375,0
26,35039.4,16182.12,29,3,20483.69,31,10,0.462,0
46,39731.37,8258.09,26,0,30739.16,18,7,0.208,1
54,72458.38,26775.45,11,1,27093.09,34,13,0.37,1
26,42401.89,12874.21,14,0,18123.09,31,7,0.304,1
57,51901.51,9791.36,17,0,29164.02,19,8,0.189,1
53,69014.73,0.0,27,1,24808.85,19,5,0.0,1
42,49432.18,14388.98,29,0,14880.8,7,2,0.291,1
41,67667.23,9479.42,22,1,18503.38,34,13,0.14,1
26,24184.14,31845.8,13,0,18221.33,12,3,1.317,0
26,52349.67,33438.99,29,0,26063.14,5,9,0.639,0
24,56577.92,2647.2,0,1,15595.73,15,6,0.047,1
50,55462.77,3778.47,12,0,15315.09,4,8,0.068,1
31,21941.63,12236.8,29,2,43625.09,33,8,0.558,0
50,79062.25,6839.62,14,1,31276.83,5,14,0.087,1
51,37906.54,17174.17,6,1,10872.79,32,5,0.453,0
44,61700.74,11733.77,14,0,26851.29,14,1,0.19,1
29,55159.29,17805.32,19,1,21420.2,14,6,0.323,1
23,75074.19,25160.94,9,2,24698.61,13,7,0.335,0
51,98749.78,4357.78,13,1,21648.1,4,9,0.044,1
60,29192.71,24952.11,5,0,34275.71,25,2,0.855,0
57,42021.72,7713.48,13,2,24147.44,16,12,0.184,1
56,58781.85,36484.83,23,4,19254.94,15,13,0.621,0
44,32892.93,31209.76,24,2,32506.29,34,2,0.949,0
51,70643.65,13869.2,21,0,22799.42,22,10,0.196,1
26,71867.45,5364.17,11,4,21457.74,12,1,0.075,1
22,66188.98,3451.34,10,0,23768.27,32,5,0.052,1
40,59731.64,23736.29,28,0,18876.69,28,2,0.397,1
48,82394.18,14695.97,29,0,20110.72,33,3,0.178,1
31,31887.49,24268.67,24,3,12959.66,33,2,0.761,0
24,56305.36,37042.29,19,0,10985.99,26,11,0.658,0
35,40223.94,7296.17,21,0,8017.16,14,4,0.181,1
26,72798.33,2698.62,23,0,3296.2,8,11,0.037,1
50,18333.18,16925.6,24,1,9443.39,25,3,0.923,0
58,54438.32,26447.6,18,0,17908.8,2,9,0.486,0
22,61704.77,5595.4,1,1,21237.41,4,10,0.091,1
35,36050.16,15346.25,21,1,16744.44,19,12,0.426,0
31,42476.2,28700.44,19,1,1000.0,19,2,0.676,0
28,55307.58,0.0,0,1,38895.04,4,7,0.0,1
46,74101.93,17353.18,7,2,33037.76,9,11,0.234,1
64,34342.62,9598.97,24,2,25349.12,15,14,0.28,1
25,37831.0,16241.57,13,0,42889.89,24,3,0.429,1
26,77511.76,22097.84,8,1,8271.63,24,10,0.285,1
46,49540.49,17208.09,1,0,42651.5,29,8,0.347,1
24,39449.22,4897.78,24,1,8417.43,13,4,0.124,1
39,69573.7,9987.54,22,0,22864.86,21,14,0.144,1
40,45236.06,29265.93,4,2,4713.95,27,4,0.647,0
53,75548.43,18289.33,22,2,20176.33,29,9,0.242,1
40,41725.59,23403.19,28,1,24634.0,18,11,0.561,0
32,51808.11,17502.95,24,3,18143.72,19,3,0.338,1
21,73899.43,23091.16,7,2,28566.53,34,7,0.312,1
46,50474.78,11038.54,15,2,21188.17,21,1,0.219,1
34,70121.07,7324.88,21,2,13731.02,14,7,0.104,1
58,53689.05,22636.98,15,1,13198.24,10,10,0.422,1
57,94633.84,26273.74,12,2,29730.97,33,11,0.278,1
31,86375.57,5857.19,19,1,12155.1,23,2,0.068,1
56,28438.07,9240.55,28,1,30984.84,5,12,0.325,1
33,65444.87,13367.74,14,1,34672.54,16,14,0.204,1
63,38671.92,31198.25,0,0,1000.0,27,14,0.807,0
23,58830.14,20631.35,21,0,33595.12,30,6,0.351,1
53,56367.41,1759.13,2,0,44725.07,8,13,0.031,1
26,33892.26,14070.17,5,2,23024.05,9,9,0.415,0
30,76169.69,12541.21,21,3,27189.01,20,6,0.165,1
25,59066.06,3267.3,13,1,32444.06,33,3,0.055,1
43,49306.34,13952.08,3,2,16694.21,30,1,0.283,0
30,46237.8,12099.63,17,1,22187.36,28,12,0.262,1
64,57795.54,11383.67,14,2,4229.61,10,12,0.197,1
22,63158.5,10926.19,8,1,21663.62,32,4,0.173,1
33,52500.48,29713.94,17,3,25977.34,0,4,0.566,0
60,15000.0,11362.97,2,0,26193.96,20,13,0.758,0
22,55337.81,15496.71,9,0,32785.1,22,8,0.28,1
40,26170.36,14412.35,16,0,10702.37,8,10,0.551,0
21,50810.95,9949.83,6,1,13608.72,0,10,0.196,1
57,26908.71,15795.05,14,2,42746.09,20,14,0.587,0
29,26670.05,15653.51,0,0,18196.06,21,13,0.587,1
37,79702.44,15797.57,26,0,22400.41,3,7,0.198,1
29,48598.16,6407.67,24,1,19195.88,0,10,0.132,1
31,47066.76,12938.75,26,0,10139.83,9,7,0.275,1
35,64650.48,22603.22,10,2,39482.35,14,7,0.35,0
44,47588.19,13201.83,16,1,13667.58,28,12,0.277,1
58,97076.12,16617.82,4,2,6472.57,4,2,0.171,1
55,49539.6,16670.37,6,1,14591.12,28,9,0.337,1
50,62302.51,19173.95,18,0,1000.0,26,6,0.308,1
51,74418.83,20586.51,24,1,12184.55,24,2,0.277,1
25,87045.06,13258.49,23,1,8382.46,15,1,0.152,1
64,40159.88,5886.65,28,1,27409.14,15,11,0.147,1
34,46640.73,2812.85,14,1,11919.03,24,1,0.06,1
31,80491.84,25176.86,2,0,30653.65,0,1,0.313,0
29,71201.25,22702.5,14,3,36781.81,4,4,0.319,0
54,76503.52,21493.65,4,0,29374.1,19,4,0.281,1
32,27625.91,23112.04,22,2,17415.34,4,14,0.837,0
55,85960.0,13384.44,11,1,21693.37,28,12,0.156,1
55,39771.85,8751.24,29,5,1700.18,33,9,0.22,1
21,58845.86,5195.93,19,1,18394.65,17,13,0.088,1
60,52035.54,4106.5,4,1,9674.74,1,12,0.079,1
42,37430.34,27121.59,2,1,28331.92,15,12,0.725,0
49,26749.28,10068.55,8,2,50873.03,28,1,0.376,0
28,20123.04,25548.59,25,1,25997.86,32,3,1.27,0
31,57380.37,13131.14,8,1,1000.0,15,3,0.229,1
61,24493.62,8237.59,6,1,15665.24,34,8,0.336,1
57,32323.69,4056.35,25,0,21469.89,16,2,0.125,1
34,50639.28,9118.46,1,1,21048.29,3,6,0.18,0
50,15000.0,29182.39,22,1,11230.24,3,11,1.945,0
55,70579.59,4157.9,22,1,22943.5,24,4,0.059,1
41,15000.0,36167.47,26,1,5089.99,32,13,2.411,0
57,53452.55,6593.93,20,1,8661.1,13,10,0.123,1
25,55300.38,22499.5,15,2,27749.57,23,6,0.407,1
39,65761.23,13547.49,8,0,7812.04,10,13,0.206,1
34,54166.38,11794.4,12,0,26458.54,24,5,0.218,1
46,95358.16,2285.79,27,0,3566.43,27,12,0.024,1
24,59326.34,14016.07,26,0,41177.91,6,9,0.236,1
45,76072.25,3417.14,18,0,10708.76,9,9,0.045,1
62,40530.74,0.0,19,1,17316.0,30,1,0.0,1
45,57415.14,16195.99,16,1,23967.36,18,3,0.282,1
38,85951.4,8645.77,5,2,13215.8,17,1,0.101,1
60,50246.1,31843.49,3,0,21720.87,5,6,0.634,0
28,58844.7,25000.22,0,0,26904.28,27,12,0.425,0
59,74617.07,31974.32,17,0,31527.36,6,3,0.429,1
60,40155.41,8191.17,18,1,29497.97,11,14,0.204,1
34,15000.0,16361.38,8,0,17938.27,33,1,1.091,0
52,60111.47,0.0,12,0,18240.42,24,6,0.0,1
58,74773.38,12181.98,7,2,48189.3,16,5,0.163,1
53,27971.08,15984.98,22,1,31398.67,32,12,0.571,0
43,68404.4,16540.48,12,0,8938.12,22,12,0.242,1
35,68539.33,14576.32,14,1,21199.86,8,8,0.213,1
53,15000.0,15665.93,10,1,15978.28,5,14,1.044,0
45,36274.23,0.0,11,1,18375.99,1,2,0.0,1
37,47083.42,17562.22,13,1,5246.06,8,8,0.373,0
53,51407.52,19834.4,3,1,15056.92,2,12,0.386,0
22,40137.31,28380.25,0,1,41738.67,15,5,0.707,0
34,39059.94,18687.38,23,0,26948.92,24,8,0.478,1
60,88429.66,13692.63,3,0,1000.0,23,12,0.155,1
60,52848.82,26049.42,18,3,34600.68,28,10,0.493,0
59,41099.13,0.0,8,2,33075.55,25,4,0.0,1
26,54176.61,9850.51,9,1,15688.58,34,4,0.182,1
26,65741.82,7341.9,3,3,28607.16,22,10,0.112,0
23,56032.53,14654.78,19,0,9687.21,3,4,0.262,1
27,50885.45,0.0,29,2,14356.93,13,14,0.0,1
28,41999.67,28196.36,8,0,37982.56,6,11,0.671,0
62,41757.38,12501.9,12,0,16739.24,7,6,0.299,0
35,43043.83,18187.97,11,1,1000.0,18,4,0.423,1
49,61776.29,17230.91,10,1,19240.36,1,9,0.279,0
53,35116.4,27624.9,11,1,19056.94,0,9,0.787,0
50,62865.38,0.0,29,0,34380.42,12,3,0.0,1
59,83259.9,16123.21,17,1,20172.04,23,7,0.194,1
47,61514.15,26461.78,29,0,14941.01,31,12,0.43,1
56,47608.29,14020.14,11,0,32540.67,29,5,0.294,1
49,29037.46,5487.31,15,0,21449.48,5,12,0.189,1
58,86562.14,8961.1,4,2,10999.73,32,9,0.104,1
53,31599.65,11070.58,19,2,33859.97,22,2,0.35,0
57,71971.24,7789.5,24,2,22323.94,9,3,0.108,1
47,67770.36,13471.89,11,0,20035.11,14,10,0.199,1
53,50264.63,30082.47,20,0,22134.9,22,5,0.598,0
24,49740.42,9026.35,24,0,7151.98,0,12,0.181,1
42,18285.77,10123.26,10,2,13668.15,7,5,0.554,0
22,61601.3,19597.81,8,3,20042.99,2,10,0.318,0
30,67398.53,13251.8,29,1,17664.04,13,12,0.197,1
25,33218.4,1708.15,17,0,35269.14,16,14,0.051,1
30,51883.57,14388.12,29,0,22608.87,33,14,0.277,1
53,55757.24,14011.09,24,2,30258.85,5,7,0.251,0
58,66691.45,24756.78,2,2,20112.74,4,13,0.371,0
33,55076.06,5278.48,19,0,32675.46,28,14,0.096,1
51,22473.61,24823.19,16,2,24770.33,34,8,1.105,0
56,44401.24,14021.69,13,2,20161.05,17,8,0.316,0
44,59492.52,3920.58,0,0,19840.6,29,14,0.066,1
35,71830.57,1912.22,16,0,8546.74,14,1,0.027,1
49,42647.27,34343.89,24,1,26082.99,14,14,0.805,0
28,98753.0,13400.84,26,2,19517.54,15,1,0.136,1
25,17110.54,24365.04,7,3,13976.1,32,3,1.424,0
49,43726.0,0.0,4,3,33277.54,9,1,0.0,1
24,53339.33,41376.95,4,1,4997.41,18,1,0.776,0
32,50985.02,23932.45,8,0,14930.05,2,10,0.469,0
22,30357.15,12445.6,2,2,32332.62,3,8,0.41,0
47,63957.23,11938.34,18,2,23786.28,10,1,0.187,0
51,62421.88,22345.98,22,1,19425.69,32,9,0.358,1
56,55959.23,21771.82,8,1,23012.04,27,2,0.389,1
56,61636.88,16825.29,21,3,22152.97,31,9,0.273,1
46,46524.47,15108.79,29,0,1800.05,15,14,0.325,1
63,22652.74,20610.67,17,1,15808.86,8,7,0.91,0
47,40667.2,0.0,15,0,39398.26,10,9,0.0,1
25,58141.09,11287.25,0,1,12088.11,5,3,0.194,0
40,58254.89,0.0,1,0,16180.39,26,1,0.0,1
31,55827.58,21045.92,13,1,13500.55,11,1,0.377,0
30,65974.17,8241.86,13,2,18955.82,21,11,0.125,1
60,43377.08,0.0,0,2,13002.53,20,10,0.0,1
58,55533.62,7062.13,25,0,25840.9,32,6,0.127,1
26,66441.86,16493.56,25,2,22367.76,16,7,0.248,1
28,53302.2,12947.72,24,3,29282.57,28,9,0.243,1
43,30133.52,3268.43,15,0,7388.71,9,6,0.108,1
46,35770.23,0.0,14,1,15915.91,17,5,0.0,1
63,71617.05,15739.33,25,4,17291.33,12,14,0.22,1
32,82849.44,9192.32,14,1,25467.76,26,2,0.111,1
46,78505.66,12419.19,11,3,10481.35,9,2,0.158,1
33,59643.12,13403.15,15,2,30987.85,31,8,0.225,1
60,30937.35,19300.66,13,2,34236.99,2,1,0.624,0
38,54872.97,23469.47,28,2,8133.53,21,8,0.428,0
45,86245.1,16465.09,23,1,14109.53,26,11,0.191,1
53,67369.77,11795.37,14,0,13616.82,2,10,0.175,1
60,50850.45,15247.64,22,1,51588.63,32,11,0.3,1
63,67572.5,11607.63,14,4,14841.2,1,7,0.172,1
32,29612.1,0.0,18,1,40131.51,10,7,0.0,1
64,41086.57,25919.46,7,2,4800.42,9,5,0.631,0
56,33316.17,24034.39,1,1,8124.19,32,3,0.721,0
24,64391.44,34883.34,1,2,11760.75,6,7,0.542,0
25,69282.07,37804.99,26,2,9851.73,14,7,0.546,0
57,51923.48,3239.8,9,0,16785.22,25,7,0.062,1
28,37541.41,11646.0,2,1,11494.66,10,12,0.31,1
62,54605.02,40115.4,22,0,10167.9,26,11,0.735,0
48,45268.4,14594.49,16,4,33901.66,6,2,0.322,0
51,39076.59,17442.11,7,0,34685.52,0,3,0.446,0
29,61779.87,0.0,27,1,31391.56,9,3,0.0,1
49,39840.16,16502.89,22,1,26287.99,20,4,0.414,1
34,23673.01,34319.4,3,0,21112.92,14,12,1.45,0
60,28117.71,27866.26,13,1,14035.63,29,9,0.991,0
61,22934.79,8900.15,20,0,8562.11,29,10,0.388,1
42,59950.24,11036.84,9,1,24355.95,7,1,0.184,1
31,58008.11,3691.0,28,0,5916.44,23,12,0.064,1
43,57010.4,6488.37,0,1,8072.95,18,7,0.114,1
21,66754.63,0.0,3,1,33834.96,2,7,0.0,1
57,78839.18,14151.8,0,1,42807.79,14,11,0.18,1
41,43154.67,30101.11,16,1,24719.54,5,4,0.698,0
46,63129.55,18554.32,25,3,33277.49,17,13,0.294,1
56,23407.69,28662.39,16,0,17049.82,18,11,1.224,0
43,82574.19,25732.49,6,1,3947.91,29,1,0.312,1
21,30103.38,9531.92,22,3,27346.06,12,3,0.317,0
60,40798.38,7404.93,19,3,26831.47,11,5,0.182,1
35,43045.81,7788.15,14,0,20860.02,33,12,0.181,1
41,24474.58,0.0,12,1,17091.49,11,2,0.0,1
29,55651.51,15323.3,27,2,31546.53,23,7,0.275,1
29,59278.08,0.0,1,1,8171.2,3,14,0.0,1
30,51211.73,20914.16,27,0,10714.63,13,10,0.408,1
46,24195.05,15718.81,18,0,7902.72,16,10,0.65,0
61,94667.72,19714.4,23,1,21019.68,2,7,0.208,1
55,65984.62,25570.16,12,0,6945.28,22,12,0.388,1
45,107684.44,16987.95,23,1,11789.09,12,10,0.158,1
46,38897.82,31315.72,10,1,11530.93,8,5,0.805,0
31,74157.64,21219.46,26,0,16872.7,20,12,0.286,1
58,70585.48,7428.73,21,0,2151.51,7,10,0.105,1
22,49188.5,12622.89,14,1,21046.46,16,6,0.257,1
27,83221.02,0.0,9,3,34967.64,15,1,0.0,1
38,46891.8,5978.1,8,0,21625.9,15,4,0.127,1
47,47782.17,11190.04,26,4,38495.85,27,4,0.234,0
54,15000.0,20462.74,27,0,36007.98,15,11,1.364,0
47,63180.56,7496.39,8,0,29332.82,13,8,0.119,1
37,28489.8,2537.36,19,0,20896.23,19,2,0.089,1
63,43985.58,0.0,27,1,20270.0,33,1,0.0,1
64,34475.61,9035.82,0,2,29165.6,28,7,0.262,0
44,47675.37,34508.52,16,2,15299.95,2,6,0.724,0
45,63877.6,17711.07,11,0,1000.0,9,5,0.277,1
27,55222.83,24395.79,9,1,25904.05,19,12,0.442,0
26,69192.83,5999.46,4,0,6427.18,1,13,0.087,1
44,80312.59,0.0,29,1,8454.31,26,13,0.0,1
53,47624.08,2789.23,28,1,20002.69,31,13,0.059,1
49,45428.66,14028.69,17,2,18858.5,9,8,0.309,1
63,74154.55,0.0,14,0,3055.09,16,11,0.0,1
42,75740.95,4934.1,5,0,21985.9,32,13,0.065,1
46,69811.82,9136.39,6,1,31593.68,5,2,0.131,1
48,35956.42,1790.75,16,2,6459.9,17,2,0.05,1
41,63453.1,0.0,5,2,35269.8,8,9,0.0,1
27,57189.41,17896.54,7,1,1277.95,7,1,0.313,1
37,76050.58,15458.71,11,2,45407.89,24,6,0.203,0
40,43542.56,22790.3,20,1,15064.87,30,13,0.523,1
61,21667.79,3895.74,13,0,21747.4,3,13,0.18,1
40,68804.74,22599.23,11,2,1000.0,19,3,0.328,0
42,15000.0,30293.04,22,1,19254.37,27,13,2.02,0
48,40369.73,17622.15,9,3,22741.79,0,5,0.437,0
60,34536.09,8900.64,21,1,18966.05,22,8,0.258,1
27,34401.31,16450.81,19,1,13243.03,12,7,0.478,0
21,40019.37,8422.13,14,2,8641.23,15,13,0.21,1
52,79347.47,6757.16,6,0,33566.32,25,12,0.085,1
33,71411.11,21832.6,25,0,20369.69,30,4,0.306,1
50,49965.39,13609.5,8,2,38489.03,0,8,0.272,0
43,77672.47,27050.96,9,2,13682.21,16,11,0.348,0
39,33754.06,10575.77,9,3,14782.46,15,11,0.313,0
52,31034.33,11588.25,15,0,29787.13,9,10,0.373,1
50,72271.93,9334.89,28,1,1000.0,30,11,0.129,1
49,66592.86,3798.17,6,0,5438.44,9,14,0.057,1
49,45794.73,23144.25,27,1,33169.82,33,2,0.505,0
50,32290.78,36857.12,29,1,5936.79,5,7,1.141,0
36,84194.64,11177.73,4,4,1000.0,27,5,0.133,1
60,20597.95,8195.04,22,2,42422.33,27,11,0.398,1
39,43031.48,7546.77,2,0,3274.19,12,6,0.175,1
38,59571.53,8202.67,17,0,22209.43,11,3,0.138,1
21,91043.3,31497.84,10,0,20829.02,1,11,0.346,1
34,62662.0,7815.19,14,0,1000.0,7,10,0.125,1
22,64606.09,9147.33,20,0,16792.2,8,7,0.142,1
48,43612.33,2596.46,19,0,25380.96,7,7,0.06,1
50,66369.6,17936.49,4,0,24251.71,2,2,0.27,1
58,57106.19,14327.7,23,1,30842.25,8,1,0.251,1
24,23230.71,3628.21,11,1,15350.1,12,10,0.156,1
21,70858.7,6071.7,3,4,28550.05,8,2,0.086,1
28,74407.87,30329.33,14,4,11728.05,30,12,0.408,0
49,71067.3,15327.08,8,1,3074.39,24,8,0.216,1
59,55666.56,16016.85,6,1,4427.26,7,11,0.288,1
23,35876.46,16056.54,9,1,2454.67,30,10,0.448,0
52,15000.0,28946.25,28,0,32115.03,30,3,1.93,0
30,58141.07,4547.86,27,2,1825.12,16,11,0.078,1
30,76638.84,11036.04,22,0,23288.47,18,4,0.144,1
39,74910.65,13310.35,12,0,16808.91,2,8,0.178,1
54,71321.46,0.0,28,3,18768.22,29,3,0.0,1
53,53515.78,5838.58,7,2,36363.29,9,6,0.109,1
43,76749.28,25466.75,11,1,14738.87,28,2,0.332,1
48,73483.24,22602.13,21,2,27339.22,17,3,0.308,1
52,46547.33,24370.67,23,0,20450.76,11,1,0.524,0
27,68531.96,9109.1,18,0,18175.77,22,9,0.133,1
49,44280.82,10343.05,25,1,47599.63,10,4,0.234,1
28,65800.48,0.0,25,0,2703.9,8,6,0.0,1
21,29017.67,24319.35,29,3,35469.58,23,7,0.838,0
23,30555.76,25966.52,0,4,27876.88,24,2,0.85,0
44,76164.14,25839.21,15,1,14245.7,24,8,0.339,1
43,73751.2,31040.91,21,0,39551.82,8,12,0.421,1
28,67672.23,19221.09,16,1,1000.0,11,9,0.284,1
57,56759.38,30568.82,24,3,13738.8,10,14,0.539,0
23,15000.0,12995.25,29,1,5498.21,27,10,0.866,0
53,53502.48,0.0,17,2,24945.0,7,11,0.0,1
48,64083.66,23607.25,10,1,6643.23,9,2,0.368,1
28,44305.34,0.0,17,0,25196.77,24,5,0.0,1
54,40750.12,16702.02,6,0,17762.76,8,2,0.41,0
55,83888.41,24553.24,17,2,14247.75,7,11,0.293,1
52,53794.22,18242.59,25,1,24663.77,2,5,0.339,0
44,64095.9,37782.43,7,1,16776.54,17,7,0.589,0
34,70482.63,0.0,5,0,6936.38,34,6,0.0,1
52,34971.26,14171.39,29,3,53616.48,16,4,0.405,0
63,58864.15,15174.55,6,1,14153.99,27,14,0.258,1
36,81392.89,1558.97,22,0,1000.0,14,2,0.019,1
24,91384.46,3462.67,21,1,9894.82,18,7,0.038,1
57,55798.73,6548.71,9,0,4792.68,21,12,0.117,1
41,50241.13,4003.53,10,0,29913.75,5,10,0.08,1
34,60380.48,13920.05,24,0,23859.83,6,9,0.231,1
51,59872.74,8970.35,12,2,24784.55,8,1,0.15,1
38,82735.16,18179.08,8,0,15559.73,19,3,0.22,1
27,35072.17,21494.3,6,0,16647.8,10,7,0.613,0
30,49402.54,20817.79,8,1,15548.83,1,14,0.421,0
27,32657.17,10898.74,12,1,19025.68,21,9,0.334,1
53,34758.1,17844.76,25,0,30024.0,4,13,0.513,0
43,62531.48,25351.29,2,2,24032.9,6,5,0.405,0
41,71197.16,19455.65,2,3,26001.35,5,7,0.273,0
39,42012.17,33589.78,0,2,25994.71,21,10,0.8,0
39,70441.9,24821.79,20,1,30613.31,9,7,0.352,0
56,77231.57,32184.07,19,0,23457.8,19,4,0.417,1
49,93694.12,0.0,1,0,24306.18,27,5,0.0,1
38,56394.94,15966.76,24,0,34265.67,22,2,0.283,1
22,42204.71,11760.67,2,2,12019.45,34,8,0.279,0
21,34950.56,13750.2,14,0,9731.09,0,12,0.393,1
25,32964.14,6950.41,23,2,5768.94,28,1,0.211,1
40,79995.61,18961.99,5,3,22194.97,8,2,0.237,0
31,24698.09,0.0,29,2,1000.0,8,12,0.0,1
62,79354.97,19034.37,12,0,25545.85,21,3,0.24,1
22,37631.18,7282.89,20,0,18689.68,1,7,0.194,1
23,41295.88,9996.14,0,0,33615.68,15,6,0.242,1
43,51968.89,19385.02,19,2,11936.99,5,14,0.373,1
32,40926.91,15787.78,18,0,17560.18,12,7,0.386,1
40,73639.6,25539.21,0,3,33466.44,32,11,0.347,0
25,91266.88,5304.96,27,1,36597.63,18,5,0.058,1
57,41851.36,14192.94,20,1,11838.17,14,14,0.339,1
58,46355.24,23887.73,21,1,22181.37,32,4,0.515,1
50,51733.58,18612.0,1,1,23533.03,9,7,0.36,0
29,65821.14,19255.94,14,1,24483.84,0,3,0.293,1
54,51930.31,26080.43,13,1,16849.09,11,13,0.502,0
64,82745.15,10937.58,18,0,35376.6,28,10,0.132,1
55,77932.48,8831.69,10,0,1000.0,16,7,0.113,1
42,31290.75,20759.04,29,2,14946.44,3,2,0.663,0
64,65419.36,13505.69,14,2,25375.17,28,12,0.206,1
44,85406.78,26222.04,5,1,25486.7,6,12,0.307,0
37,45104.38,18697.73,19,2,36233.11,12,8,0.415,0
30,49114.7,8766.49,8,1,34378.7,4,12,0.178,0
50,44439.26,18383.84,4,0,16573.5,5,6,0.414,0
43,44858.49,5973.0,19,1,35598.45,33,12,0.133,1
52,21630.97,24469.28,1,0,11431.5,6,3,1.131,0
37,28433.7,1028.48,5,1,31170.65,27,3,0.036,0
37,56549.47,27220.65,25,3,41726.27,9,5,0.481,0
34,85271.96,18208.77,17,0,34579.33,3,3,0.214,1
29,42732.78,13354.39,27,1,21269.24,2,6,0.313,1
60,42144.85,22633.34,28,1,16018.65,24,2,0.537,0
22,89030.42,20113.27,22,0,1656.9,22,8,0.226,1
45,32834.85,28303.82,18,0,23726.48,26,13,0.862,0
59,21775.14,28210.62,8,1,6617.39,13,11,1.296,0
29,38429.69,18522.9,26,0,10482.38,31,12,0.482,1
42,41744.31,6282.29,20,2,5711.05,22,11,0.15,1
63,20050.94,9584.91,23,0,14475.29,2,9,0.478,1
24,52439.17,14283.53,26,3,19664.37,34,13,0.272,1
46,73968.93,25817.22,5,1,23283.37,12,7,0.349,0
49,29280.9,10436.14,13,0,12793.92,33,14,0.356,1
54,56751.56,11270.59,27,3,32831.4,23,3,0.199,1
43,62918.71,33483.51,25,0,17501.54,0,11,0.532,1
57,53332.31,13957.01,23,3,10547.33,11,14,0.262,0
31,58713.85,8652.68,28,0,22715.51,7,10,0.147,1
26,58946.55,22766.46,12,1,43562.63,18,4,0.386,0
38,38745.44,14438.66,10,3,24021.93,8,12,0.373,0
41,84971.65,1104.01,11,1,15645.73,27,10,0.013,1
62,79955.14,25409.14,18,1,1670.46,13,2,0.318,1
56,78798.23,7529.61,18,1,17367.05,26,9,0.096,1
61,75273.51,15435.86,20,1,22819.14,17,14,0.205,1
58,23500.41,14318.61,26,0,15349.03,5,5,0.609,0
54,73521.25,17301.01,25,1,1000.0,32,12,0.235,1
37,68112.03,0.0,18,2,9793.22,24,2,0.0,1
57,24269.53,11649.01,23,1,37454.46,12,10,0.48,0
45,50701.79,26248.37,25,0,37208.01,22,6,0.518,0
58,60535.87,27654.46,12,2,9360.33,32,7,0.457,1
32,88286.34,5087.1,27,1,28073.08,20,13,0.058,1
43,69494.48,24205.98,13,1,5857.13,33,2,0.348,1
62,37708.69,7385.7,23,3,36851.8,16,1,0.196,1
42,88907.77,11254.68,17,1,22942.83,9,13,0.127,1
41,55875.6,11780.16,11,1,31395.7,22,7,0.211,1
47,49883.18,16088.04,3,1,1000.0,1,1,0.323,0
51,48457.64,25013.66,9,1,28131.65,34,3,0.516,0
26,22528.9,17645.85,28,1,19907.91,13,4,0.783,0
47,52804.61,13738.68,16,2,30223.15,1,2,0.26,0
60,64949.71,24673.11,3,1,30978.41,18,7,0.38,0
54,47292.33,6973.39,11,1,20789.42,15,5,0.147,1
32,63409.05,14227.83,12,2,12790.04,24,1,0.224,1
27,37712.18,24957.81,28,0,29356.35,0,12,0.662,0
30,52181.44,20293.06,26,0,19278.15,1,12,0.389,1
37,61330.81,10336.96,28,1,9526.58,26,8,0.169,1
46,58793.22,0.0,3,1,8958.17,1,10,0.0,1
41,22890.7,18108.58,9,1,2274.03,29,7,0.791,0
48,46219.88,0.0,24,1,13876.51,9,4,0.0,1
22,88549.26,12874.99,2,3,33232.3,18,2,0.145,0
63,45151.08,26789.48,14,0,22133.96,15,7,0.593,0
21,55316.15,20967.59,1,3,13642.79,12,11,0.379,0
56,53264.88,0.0,24,1,29658.27,7,2,0.0,1
46,86364.8,17004.52,24,2,10010.28,30,6,0.197,1
49,80807.36,11808.3,16,1,21144.2,24,1,0.146,1
41,71150.62,2262.83,5,1,17844.44,20,14,0.032,1
31,35535.15,18350.21,25,1,29349.57,28,7,0.516,0
60,62183.66,10082.62,7,2,1073.26,5,7,0.162,1
31,66358.83,10144.66,2,0,9797.63,17,12,0.153,1
56,41027.9,16240.45,26,1,1000.0,34,4,0.396,1
59,37589.66,8741.15,24,1,16884.84,26,4,0.233,1
60,89100.28,15957.36,17,1,34537.13,4,10,0.179,1
55,48983.93,9066.75,21,0,13934.63,6,5,0.185,1
54,87299.54,9615.39,0,0,13871.79,9,2,0.11,1
44,74941.88,24929.3,28,1,30460.69,9,9,0.333,1
42,63157.54,25946.72,15,3,32822.59,27,10,0.411,0
25,64050.63,0.0,6,0,18937.15,9,4,0.0,1
53,26991.61,22470.73,2,1,28216.58,34,11,0.833,0
56,59135.5,28985.91,22,1,7076.55,34,9,0.49,1
40,83340.41,30573.77,3,1,36535.69,19,14,0.367,0
39,68626.79,20203.8,8,1,45784.48,12,3,0.294,0
55,58086.73,4426.02,4,1,26254.59,10,9,0.076,1
63,89238.74,21299.81,18,2,1000.0,18,1,0.239,1
37,51299.19,6307.48,14,2,13301.24,27,7,0.123,1
63,42608.89,11570.35,7,1,27353.9,3,4,0.272,0
54,58076.64,18830.82,5,1,14942.2,18,7,0.324,1
29,70329.35,6952.41,17,2,35266.38,13,14,0.099,1
46,20644.12,3536.0,18,1,27057.89,30,10,0.171,1
22,60697.37,19657.73,23,0,11522.29,27,6,0.324,1
29,71206.9,33672.24,14,5,20387.18,18,4,0.473,0
29,49607.17,27432.34,25,2,9274.0,0,4,0.553,0
60,77139.3,22071.86,6,2,17808.98,22,8,0.286,1
37,67823.73,24791.85,9,2,13344.88,27,7,0.366,0
21,97827.66,21377.19,5,2,34097.14,3,4,0.219,1
45,39987.94,19499.0,13,3,45392.14,17,11,0.488,0
63,71614.2,23986.18,16,1,2825.74,24,6,0.335,1
60,34653.52,1316.37,8,2,1000.0,17,6,0.038,1
62,22692.67,16994.85,18,0,17057.93,5,1,0.749,0
45,15000.0,14190.52,29,5,1779.01,18,13,0.946,0
59,65766.48,15789.03,4,1,20554.54,11,2,0.24,1
55,58684.96,10386.28,22,2,28987.23,24,4,0.177,1
23,45418.98,20204.88,6,1,37929.7,34,6,0.445,0
57,19529.91,6820.72,18,0,22416.73,0,6,0.349,0
64,41192.27,9661.45,19,0,17682.14,4,1,0.235,1
64,55081.86,8461.2,25,0,1000.0,0,8,0.154,1
50,70863.39,23639.47,6,0,20314.22,7,2,0.334,1
58,54669.28,14882.76,23,1,20855.45,17,13,0.272,1
54,60041.21,10391.68,1,0,27667.48,8,5,0.173,1
32,47477.35,11265.7,24,2,11498.14,4,4,0.237,1
39,89984.48,15038.81,22,2,14779.37,3,5,0.167,1
57,34635.01,31221.75,15,0,2263.97,28,5,0.901,0
64,41015.24,2634.8,12,3,1000.0,0,10,0.064,1
37,45152.84,21755.1,7,1,6698.03,29,8,0.482,0
30,65854.09,19718.62,5,0,1156.09,0,10,0.299,0
32,34222.8,6170.35,5,1,24040.55,2,7,0.18,0
36,57714.37,29668.73,8,1,13782.39,21,12,0.514,1
44,58298.2,20392.8,3,1,13541.15,7,14,0.35,0
39,41112.84,9922.67,26,1,8187.04,17,9,0.241,1
28,61599.59,0.0,10,1,1000.0,24,12,0.0,1
51,34843.72,17291.47,4,0,38099.73,19,11,0.496,0
41,32658.52,14552.54,24,2,7996.75,30,13,0.446,1
37,56992.12,4692.87,16,1,15050.96,29,1,0.082,1
43,21804.89,4563.86,19,1,2541.29,15,6,0.209,1
57,15000.0,23685.1,6,1,31663.16,1,6,1.579,0
36,65656.67,0.0,26,3,21721.15,16,2,0.0,1
26,75979.4,18142.83,14,1,10083.62,9,11,0.239,1
28,45663.94,13125.63,24,3,15293.24,6,8,0.287,0
45,41638.59,19971.55,14,4,40138.16,8,6,0.48,0
38,75110.7,12056.95,13,0,19124.37,16,11,0.161,1
45,32089.24,17932.75,12,1,17819.2,8,13,0.559,0
32,27732.55,7572.25,10,1,8703.42,8,10,0.273,0
35,69152.73,14507.95,27,3,1000.0,23,9,0.21,1
46,55180.76,19890.84,12,1,18079.54,10,10,0.36,0
61,76297.53,16508.72,25,1,23905.82,7,5,0.216,1
46,15000.0,18803.07,21,1,33195.01,24,7,1.254,0
52,26986.52,5720.79,27,2,1000.0,1,6,0.212,1
30,55286.64,9093.25,23,2,6498.84,9,11,0.164,1
36,63353.47,9266.6,28,0,13031.11,23,5,0.146,1
27,71939.94,12235.1,8,1,19958.23,15,6,0.17,1
37,58496.36,28585.83,9,0,18259.6,18,4,0.489,1
43,58293.1,11458.21,3,2,18539.74,30,3,0.197,1
46,47211.97,3564.41,16,0,24897.15,10,13,0.075,1
41,86818.1,20416.46,13,1,9160.48,5,1,0.235,1
42,32939.53,28466.43,23,2,31209.7,5,1,0.864,0
27,62180.4,2387.88,17,0,25201.43,31,6,0.038,1
34,35243.82,34728.11,10,0,16162.01,12,14,0.985,0
35,65695.57,19151.77,15,0,39210.9,2,9,0.292,0
27,34259.65,25338.91,0,0,38676.99,34,8,0.74,0
29,69876.31,29670.72,28,1,31194.74,16,12,0.425,1
28,57242.1,24726.18,6,2,1000.0,2,2,0.432,0
43,89892.78,13894.64,27,0,38947.34,33,9,0.155,1
49,49379.61,27176.98,9,0,29537.1,11,8,0.55,0
38,63499.32,17546.0,8,0,44076.9,23,14,0.276,0
51,39406.87,25904.85,26,1,34849.58,5,14,0.657,0
50,49242.14,26998.75,27,2,38940.11,10,12,0.548,0
59,57114.99,4091.03,27,2,30543.86,26,9,0.072,1
55,24455.6,22943.01,24,0,36184.32,23,4,0.938,0
38,26647.52,13181.08,2,1,43929.48,17,9,0.495,0
62,66997.19,16381.91,21,1,22598.66,26,2,0.245,1
59,52078.26,16270.93,22,2,1133.23,20,13,0.312,1
37,43141.47,15869.7,13,2,16310.47,33,1,0.368,0
34,40260.28,30235.25,25,2,24679.35,32,13,0.751,0
51,41030.22,1335.52,24,2,20898.65,17,9,0.033,1
44,57251.01,0.0,14,0,5041.26,2,10,0.0,1
55,63900.72,0.0,1,1,1000.0,23,8,0.0,1
64,15000.0,25691.44,23,3,11106.05,0,7,1.713,0
54,83256.68,7265.63,13,1,29692.87,5,14,0.087,1
23,81834.02,16321.86,15,1,38964.08,18,13,0.199,1
57,15000.0,13852.83,6,1,30998.81,21,8,0.924,0
63,76718.53,6136.25,3,0,32689.13,7,12,0.08,1
60,76104.38,23514.77,17,4,19030.21,4,1,0.309,1
46,55008.91,13725.37,23,2,1000.0,8,14,0.25,1
43,29056.63,12622.65,26,0,14537.35,20,9,0.434,1
64,75304.56,17328.71,4,1,16894.83,27,12,0.23,1
59,50175.38,22207.72,5,2,14035.37,3,10,0.443,0
35,65977.58,5410.24,29,1,20656.34,23,11,0.082,1
24,99384.03,23729.18,26,1,25297.04,7,9,0.239,1
49,60036.74,29498.54,6,1,30236.18,16,12,0.491,0
42,36662.31,738.78,14,1,16662.56,33,11,0.02,1
45,48285.38,17782.99,25,0,1000.0,19,9,0.368,1
33,39211.09,11950.78,0,0,14205.47,15,13,0.305,1
38,63669.79,21992.31,23,2,20524.52,9,14,0.345,0
53,38878.65,2833.41,3,3,34673.7,33,6,0.073,1
36,45542.97,31289.38,28,0,13186.31,9,4,0.687,1
62,29311.39,0.0,24,2,26150.52,29,13,0.0,1
64,52358.26,12557.19,0,2,23481.05,29,2,0.24,0
22,58535.1,19342.96,10,3,20526.81,24,11,0.33,0
55,15000.0,8136.63,17,1,31166.4,6,4,0.542,0
62,60191.47,6565.98,13,1,12069.91,19,7,0.109,1
54,54086.0,17222.36,21,2,13097.76,16,1,0.318,1
50,39700.16,15777.6,10,2,19857.19,2,14,0.397,0
33,95572.58,15059.38,9,0,12318.24,25,9,0.158,1
33,74169.53,23586.89,26,3,26096.15,9,3,0.318,0
38,33071.95,11055.27,29,0,11441.69,33,13,0.334,1
52,71764.74,18195.93,16,1,22715.65,13,13,0.254,1
52,79889.96,9933.97,3,0,18797.93,7,4,0.124,1
55,57640.42,6506.71,23,2,22579.11,26,12,0.113,1
59,62228.84,12152.41,14,0,14483.1,9,5,0.195,1
49,61766.93,10012.35,25,4,15930.94,14,12,0.162,1
49,15000.0,10511.96,15,1,21152.11,21,13,0.701,0
64,51262.61,26653.27,20,1,22424.89,30,3,0.52,1
36,50221.74,12458.97,12,3,19949.58,1,4,0.248,0
64,83603.11,8370.93,8,0,40464.35,30,5,0.1,1
30,61674.56,15280.79,10,1,8111.16,13,12,0.248,1
50,49047.78,16042.28,10,4,19229.55,9,1,0.327,0
45,53197.51,3131.19,5,1,1116.45,29,14,0.059,1
59,75467.71,12015.94,0,1,24464.98,14,9,0.159,1
40,51308.31,11613.16,21,1,6617.04,13,10,0.226,1
25,41036.09,13278.56,5,1,16660.28,30,13,0.324,1
21,49485.96,22255.28,12,3,15535.23,28,10,0.45,0
50,73813.92,16366.72,21,0,23370.69,26,13,0.222,1
23,64923.3,27279.37,23,2,13366.51,20,14,0.42,1
34,55885.36,14883.4,21,1,12856.33,8,4,0.266,1
50,58830.79,32760.87,4,0,37230.28,19,13,0.557,0
24,43805.15,10392.25,14,7,23414.8,34,9,0.237,0
38,51121.01,7304.38,26,2,13267.39,14,4,0.143,1
57,41733.91,20473.03,17,1,16990.0,23,14,0.491,1
45,49104.41,28640.82,19,1,39744.26,15,1,0.583,0
21,81923.57,1211.97,13,0,17178.02,10,12,0.015,1
35,33442.56,13030.09,14,2,11728.68,7,5,0.39,0
29,41225.65,8892.18,25,0,11780.05,2,13,0.216,1
35,29914.02,16428.51,4,0,13410.48,18,9,0.549,0
44,25581.82,15100.18,25,0,12866.03,2,3,0.59,0
24,51264.56,28453.81,3,1,4644.23,24,5,0.555,0
32,42647.82,13915.95,1,1,6509.6,10,3,0.326,0
57,90233.78,28747.84,6,0,10048.16,15,12,0.319,1
57,49343.07,11849.0,9,0,27098.85,16,3,0.24,1
63,80787.94,24264.82,15,0,15425.15,23,1,0.3,1
26,74360.13,17286.63,9,3,17514.06,16,2,0.232,1
59,50820.92,32298.85,17,0,35241.06,19,2,0.636,0
44,97202.71,229.85,16,2,35540.09,21,9,0.002,1
31,60370.68,3361.42,29,2,16614.5,5,7,0.056,1
33,85260.19,33316.22,20,1,12429.64,6,8,0.391,1
54,82931.94,7667.35,27,1,9626.84,13,2,0.092,1
45,63292.96,8301.97,12,1,28313.31,10,9,0.131,1
27,70022.62,6242.76,0,1,17543.51,11,13,0.089,1
24,67481.43,26484.46,0,4,15362.06,4,3,0.392,0
28,32114.77,2465.42,14,1,10236.03,4,10,0.077,1
40,56145.81,15224.5,0,1,10764.0,19,13,0.271,1
49,76484.94,12343.78,5,1,23840.7,14,2,0.161,1
30,85523.73,25365.16,24,2,4214.74,25,12,0.297,1
63,40587.21,9363.17,25,1,31938.42,32,1,0.231,1
54,65576.63,19152.73,12,1,13593.86,29,9,0.292,1
46,58017.4,3287.84,26,3,18204.37,23,8,0.057,1
61,52642.52,37739.41,27,0,3956.26,22,13,0.717,0
23,62120.05,12604.08,0,0,19851.61,8,12,0.203,1
26,59359.95,15087.63,4,0,16060.15,2,11,0.254,1
25,65828.15,31547.54,8,0,19399.03,6,4,0.479,0
25,83834.34,9133.27,29,1,37660.51,21,7,0.109,1
43,70682.55,31673.82,24,3,22132.38,13,12,0.448,0
29,61211.83,10885.29,16,1,10464.09,28,14,0.178,1
55,92292.5,21716.98,15,0,11464.16,15,3,0.235,1
40,77198.59,9273.18,7,1,27141.57,33,3,0.12,1
62,53152.03,1439.64,16,3,35584.32,9,4,0.027,1
55,30657.59,19145.94,14,0,23383.02,6,2,0.625,0
38,35243.39,21399.03,23,2,28264.55,24,14,0.607,0
37,73664.65,1841.14,0,0,27316.85,26,10,0.025,1
44,42393.75,11929.42,11,0,37028.77,14,4,0.281,0
23,34838.89,27007.59,4,1,1000.0,31,10,0.775,0
52,39838.29,21001.19,23,1,28006.63,27,3,0.527,0
55,41252.31,11047.85,5,3,31804.83,8,8,0.268,0
58,72012.95,9024.74,24,0,3935.32,6,11,0.125,1
33,51865.16,34482.44,0,1,9371.98,15,2,0.665,0
45,27552.51,530.68,24,2,9790.61,25,11,0.019,1
29,55620.9,14408.01,0,1,11254.52,34,9,0.259,1
24,59445.32,353.03,9,1,14219.4,16,3,0.006,1
34,45413.26,28148.15,9,1,22911.23,22,4,0.62,0
57,78117.7,14928.76,2,1,30388.1,7,13,0.191,1
54,46581.22,16781.74,16,0,32975.8,1,10,0.36,0
31,77166.75,42688.92,18,2,9946.12,30,14,0.553,1
61,66935.66,9065.27,27,1,9863.56,31,10,0.135,1
23,73532.11,32485.76,10,1,35789.86,28,3,0.442,1
48,33028.98,11092.68,28,2,27760.93,2,3,0.336,0
49,56966.2,12664.88,17,0,20994.38,7,8,0.222,1
29,53943.44,41381.75,1,0,25680.04,1,8,0.767,0
23,26559.87,13389.1,8,0,19642.35,30,13,0.504,1
45,77101.21,1256.29,23,2,26295.02,19,13,0.016,1
54,38651.98,17819.19,16,4,15967.2,28,6,0.461,0
32,42808.64,13272.63,27,0,23225.66,16,4,0.31,1
62,34733.68,18670.96,13,0,1873.45,9,1,0.538,0
29,69023.73,13664.02,3,0,11746.59,21,4,0.198,1
35,24481.41,37155.45,28,1,11875.87,5,8,1.518,0
60,67357.5,20567.36,16,1,15507.32,33,6,0.305,1
45,75890.28,4250.35,16,1,8881.84,30,2,0.056,1
25,65743.57,16245.47,11,0,13597.48,11,3,0.247,1
31,69252.57,7003.7,27,1,1827.03,11,12,0.101,1
54,70190.93,12522.86,19,1,26584.41,15,7,0.178,1
44,36011.51,5895.59,17,0,19009.84,24,11,0.164,1
35,83694.7,36071.19,2,1,1000.0,21,11,0.431,1
58,45798.47,8086.15,10,0,9982.04,26,4,0.177,1
28,53672.25,21875.64,24,2,24039.22,23,4,0.408,1
25,48347.25,11765.21,17,0,13483.74,11,5,0.243,1
46,64830.84,3415.87,3,1,11636.7,17,8,0.053,1
38,44239.26,16976.49,16,2,19104.89,15,14,0.384,0
26,56338.31,19006.92,17,0,24123.17,3,14,0.337,1
57,30293.12,20586.27,4,4,2763.77,11,7,0.68,0
33,78293.3,0.0,13,0,26601.54,32,9,0.0,1
48,68414.82,2651.54,9,1,10396.48,21,5,0.039,1
25,49154.8,24575.55,14,0,19784.86,17,1,0.5,1
33,45617.02,5763.93,0,1,19574.96,32,4,0.126,1
37,67892.56,17029.44,15,2,13675.21,26,6,0.251,1
60,40854.13,2419.75,10,3,7716.08,18,6,0.059,1
52,57507.31,22316.01,22,0,16571.76,13,9,0.388,1
49,78227.98,24312.7,19,1,39503.96,24,10,0.311,1
23,38774.86,22319.1,5,2,3659.9,33,13,0.576,0
60,62372.02,25325.57,23,2,40307.76,23,5,0.406,0
54,61314.51,30639.0,28,3,16883.35,22,5,0.5,0
60,53053.26,3259.26,21,0,20424.46,4,6,0.061,1
47,44924.21,7113.28,15,4,6959.47,23,11,0.158,1
33,79295.94,23975.44,29,1,10744.77,4,6,0.302,1
53,43048.63,26302.2,1,2,13965.08,5,3,0.611,0
26,18759.22,8256.57,0,2,7451.66,3,6,0.44,0
44,67810.67,7561.14,23,3,17492.98,9,8,0.112,1
39,30973.93,8477.87,23,0,15115.81,0,12,0.274,1
36,68837.62,0.0,8,1,42209.37,20,6,0.0,1
60,81698.06,2285.89,21,1,6008.31,2,12,0.028,1
48,67595.0,2527.07,11,2,21232.29,30,11,0.037,1
53,76428.23,12059.02,16,0,22974.16,26,5,0.158,1
61,95400.98,17708.37,29,2,7156.15,16,3,0.186,1
33,74335.21,19334.73,24,1,28241.93,22,1,0.26,1
63,61611.47,9914.38,27,1,15220.08,12,5,0.161,1
45,87678.96,10160.13,28,0,1000.0,26,6,0.116,1
62,90095.51,16236.61,14,2,27918.2,19,14,0.18,1
56,90375.44,39.85,29,1,6596.71,12,6,0.0,1
47,45157.13,24594.41,18,2,7426.7,23,14,0.545,0
58,27919.63,27853.85,26,0,28254.82,2,6,0.998,0
27,43936.16,8744.19,21,1,15834.06,9,3,0.199,1
25,69072.83,11015.64,9,1,31013.27,0,4,0.159,0
63,58183.18,27433.12,28,1,34521.99,12,3,0.471,1
51,50870.38,13769.48,25,1,12260.86,13,2,0.271,1
43,66209.63,20882.45,26,0,29519.15,32,8,0.315,1
62,25583.9,14076.95,11,0,10934.47,1,7,0.55,0
30,57823.39,30563.07,13,0,46797.39,1,11,0.529,0
52,77369.15,19900.8,8,1,11684.52,30,8,0.257,1
63,65986.31,20476.56,26,3,32313.05,3,13,0.31,0
50,68836.2,20663.07,12,1,30125.48,33,6,0.3,1
59,86947.46,9448.86,2,2,23793.05,18,11,0.109,1
51,53677.13,10367.61,20,0,11953.48,8,12,0.193,1
38,41938.17,22692.46,28,1,18183.23,23,14,0.541,0
56,78790.3,16264.13,13,2,1000.0,12,7,0.206,1
22,78422.41,3223.89,20,0,22693.04,29,1,0.041,1
34,66165.83,33731.04,9,2,24195.38,18,10,0.51,0
33,51792.58,24780.72,15,2,21601.99,9,5,0.478,0
49,55027.59,15376.26,6,0,1000.0,13,4,0.279,1
32,29464.54,12264.99,3,1,4812.36,19,10,0.416,0
59,77258.93,16986.76,26,2,11022.91,3,3,0.22,1
22,76553.03,20175.2,19,2,23499.91,4,2,0.264,1
52,28766.34,0.0,22,0,23472.07,31,14,0.0,1
33,72352.64,36123.5,24,2,17957.31,5,14,0.499,0
47,63082.03,7101.16,10,1,27622.95,13,9,0.113,1
61,34560.52,14980.94,15,0,7685.09,5,8,0.433,1
37,30880.0,15348.67,19,0,27322.82,13,10,0.497,1
60,62469.87,34968.5,3,2,25696.91,11,2,0.56,0
51,47045.92,14118.76,21,1,24530.66,26,6,0.3,1
54,91398.98,30885.07,21,1,17815.51,25,3,0.338,1
44,74051.97,19067.27,22,1,41968.93,11,3,0.257,1
55,64473.86,5381.15,16,1,25918.35,7,5,0.083,1
26,65461.58,16347.07,12,1,8379.97,9,7,0.25,1
39,81617.34,13814.91,10,0,22979.67,15,7,0.169,1
50,71930.36,4159.3,29,3,29029.8,25,11,0.058,1
27,64995.33,18577.23,2,2,12942.7,7,10,0.286,0
30,35394.78,15221.03,8,1,33071.27,28,1,0.43,0
61,116238.94,20564.22,5,2,24584.4,19,11,0.177,1
52,32936.34,16933.53,21,0,1000.0,16,7,0.514,1
54,48749.15,8488.97,20,2,23596.06,18,7,0.174,1
48,21905.43,22683.34,10,2,15127.65,16,6,1.036,0
35,65775.96,8756.02,15,2,26446.16,0,6,0.133,1
50,58022.21,0.0,18,3,31330.58,28,13,0.0,1
57,70305.53,16286.53,26,3,22341.94,13,13,0.232,1
49,20218.69,9459.26,4,0,39983.03,16,2,0.468,0
42,77258.11,18821.31,13,0,17855.52,12,3,0.244,1
24,38851.29,34988.72,16,0,27497.81,28,3,0.901,0
40,52019.9,35277.4,2,0,29659.31,33,13,0.678,0
52,73631.43,13348.77,3,3,18831.85,26,3,0.181,1
56,60225.33,6734.85,15,3,29345.29,32,2,0.112,1
24,61638.85,20846.83,15,2,12863.92,28,9,0.338,1
47,70983.58,11297.74,20,1,14929.18,18,6,0.159,1
37,63575.81,18917.77,25,0,4250.14,23,2,0.298,1
32,48177.84,8391.39,24,1,22896.91,13,3,0.174,1
42,51670.62,17506.92,3,0,23903.02,4,10,0.339,0
37,59237.57,6880.26,18,4,34151.16,23,6,0.116,0
30,37088.88,26842.53,25,3,29493.68,33,4,0.724,0
21,74920.17,9100.22,16,4,16582.45,30,7,0.121,1
42,60773.08,21611.03,12,2,5861.84,29,6,0.356,1
46,56495.53,2352.33,25,2,25194.2,8,6,0.042,1
38,78849.93,22811.74,21,1,33329.04,26,12,0.289,1
34,52597.73,5336.16,22,2,29062.22,27,3,0.101,1
49,51351.58,17611.77,25,0,33013.73,25,11,0.343,1
32,45307.42,25232.01,23,0,17457.33,17,8,0.557,0
56,61861.34,13000.17,27,2,14400.57,7,9,0.21,1
55,61169.0,4708.33,0,2,11157.18,17,6,0.077,1
32,41674.32,19968.13,11,3,19329.24,19,2,0.479,0
27,51446.12,6590.19,3,2,19056.91,31,1,0.128,1
49,41807.95,10957.54,10,1,22480.13,28,3,0.262,1
31,40902.63,17654.63,4,1,18448.43,17,3,0.432,0
53,20402.04,28606.76,1,0,18396.47,6,8,1.402,0
26,50381.79,15265.53,16,0,10679.67,0,5,0.303,1
35,20955.73,15228.58,7,0,31299.43,27,1,0.727,0
52,45743.69,22375.13,5,3,20918.22,32,11,0.489,0
31,42746.11,15503.72,20,2,17906.67,3,4,0.363,1
43,76037.9,21355.3,28,2,11030.85,19,7,0.281,1
46,34701.3,25785.34,8,2,4017.04,30,5,0.743,0
54,39776.27,11722.63,12,0,35695.57,27,10,0.295,1
54,47369.52,0.0,10,0,26655.66,2,13,0.0,1
49,43397.13,6820.73,28,1,1000.0,5,6,0.157,1
24,82385.1,27086.82,15,1,29157.71,22,14,0.329,1
37,32228.65,14662.35,15,2,31069.77,6,10,0.455,0
55,47411.91,11608.7,26,0,21492.51,0,4,0.245,1
33,61641.3,26667.85,1,1,39177.33,5,2,0.433,0
61,72623.67,13986.75,9,0,22600.64,23,9,0.193,1
59,47395.17,0.0,11,0,2998.12,23,2,0.0,1
35,16638.01,0.0,7,2,24382.03,28,2,0.0,1
49,51997.92,19186.48,10,1,22938.77,31,13,0.369,0
49,82040.57,14331.09,29,1,12760.44,24,12,0.175,1
31,60643.75,29546.56,9,2,26882.71,9,2,0.487,0
52,59728.36,7667.31,12,3,1000.0,34,1,0.128,1
22,33739.64,11904.99,24,1,31886.8,24,13,0.353,0
34,31686.57,6154.97,16,1,9462.54,26,12,0.194,1
40,55360.83,9794.06,6,3,8180.65,31,12,0.177,1
42,26472.42,0.0,23,2,18634.1,11,3,0.0,1
31,70627.24,11143.15,2,1,25195.68,3,6,0.158,1
47,38067.08,14481.31,29,2,21967.09,25,7,0.38,1
23,54506.85,13636.69,19,2,11088.09,2,1,0.25,1
37,17284.66,36495.53,12,0,13926.93,16,14,2.111,0
64,47123.96,33334.85,18,1,6403.49,8,5,0.707,0
48,31282.79,7491.01,6,4,17303.84,28,5,0.239,0
49,15000.0,0.0,8,1,32900.25,0,1,0.0,0
41,65836.84,14008.0,18,1,19948.84,17,4,0.213,1
36,87823.19,18765.1,12,0,30312.97,19,10,0.214,1
57,77589.47,6395.16,21,2,37464.82,33,1,0.082,1
40,68633.81,6890.24,7,2,12943.78,27,13,0.1,1
26,46717.58,30825.55,21,0,17761.12,34,14,0.66,1
39,71117.8,12424.48,17,1,46054.31,15,1,0.175,1
25,79477.06,21622.5,28,1,37332.12,20,12,0.272,1
23,57736.44,5696.94,22,1,1000.0,12,7,0.099,1
21,31312.8,14430.6,1,4,24645.78,34,7,0.461,0
58,45012.31,11636.62,17,1,20006.72,31,3,0.259,1
35,89053.93,8246.27,17,2,29917.44,5,7,0.093,1
54,53505.12,26553.0,10,2,11060.25,12,3,0.496,0
55,15000.0,1111.23,0,1,9924.7,12,2,0.074,0
45,25621.53,18000.57,13,2,11887.15,11,10,0.703,0
44,46511.03,11448.78,15,1,13136.86,32,4,0.246,1
32,75716.5,19148.24,10,2,29783.89,27,14,0.253,1
38,49537.55,11584.23,0,1,5825.59,2,10,0.234,1
35,76088.63,23671.93,29,1,12528.63,17,3,0.311,1
64,44476.75,5602.97,6,1,1000.0,25,12,0.126,1
36,15714.15,26575.53,28,0,32085.41,1,7,1.691,0
47,45168.78,14711.97,15,1,35252.36,3,12,0.326,0
28,61898.9,1714.97,29,5,16075.12,27,12,0.028,1
45,60239.01,21802.15,13,3,16424.61,27,1,0.362,0
37,29897.85,13011.5,14,4,25438.66,24,6,0.435,0
49,47976.08,0.0,13,1,37693.78,25,14,0.0,1
28,108693.48,18324.68,27,1,24903.33,1,2,0.169,1
35,30334.62,25065.96,20,2,11629.5,33,8,0.826,0
47,68214.47,27821.36,10,0,1000.0,29,14,0.408,1
27,15000.0,11216.48,15,1,6618.48,20,5,0.748,0
23,72275.84,16453.18,18,0,20878.63,22,3,0.228,1
49,37153.49,15505.36,16,1,12136.07,32,10,0.417,1
64,63041.77,29898.03,26,2,22339.61,1,7,0.474,0
44,29169.49,6895.11,25,1,13364.91,26,14,0.236,1
23,60817.06,10353.41,5,4,7302.24,21,11,0.17,1
40,36826.99,6652.8,10,0,5875.62,33,2,0.181,1
35,40699.04,508.49,16,1,38748.25,15,5,0.012,1
45,63839.72,17477.87,8,2,30667.85,19,11,0.274,0
50,46392.29,31012.98,17,1,40766.22,25,8,0.668,0
34,62607.63,13015.16,16,1,26479.41,15,13,0.208,1
27,51183.17,6181.03,11,1,14840.1,5,11,0.121,1
37,56349.87,16868.6,22,0,35880.09,22,1,0.299,1
64,63901.73,20891.18,21,2,19603.18,7,1,0.327,0
40,47999.63,13436.37,21,1,22650.1,5,3,0.28,1
56,35079.0,29035.35,29,2,19486.11,21,3,0.828,0
29,44353.75,6876.38,4,2,1000.0,5,13,0.155,1
58,78902.78,12130.3,10,0,39256.82,31,7,0.154,1
42,57323.46,17959.88,3,1,25892.05,16,6,0.313,1
22,38102.03,18929.64,26,1,23957.88,16,7,0.497,1
44,63031.21,15472.28,3,2,19258.69,22,4,0.245,1
28,64366.31,2215.8,2,0,21961.13,12,11,0.034,1
31,65399.98,38380.11,25,1,12832.65,31,2,0.587,0
33,35443.26,12640.3,23,1,27398.95,21,2,0.357,1
37,41352.18,16102.68,22,2,4314.82,6,10,0.389,0
28,41463.42,21167.61,24,2,22232.82,21,1,0.511,0
41,47787.04,8634.95,16,3,26738.88,20,14,0.181,0
38,65778.38,15569.26,6,1,17615.97,5,13,0.237,0
50,60923.7,8228.1,25,2,24450.41,13,14,0.135,1
38,62504.34,19155.51,3,0,8103.99,15,9,0.306,1
51,82080.38,12239.77,22,1,8410.08,2,14,0.149,1
58,68777.82,17687.19,12,2,22840.61,8,14,0.257,1
52,52163.97,4534.63,11,1,28142.6,20,7,0.087,1
31,31322.3,6710.84,0,1,1000.0,29,10,0.214,1
45,40709.06,1348.59,20,0,26264.25,29,3,0.033,1
53,49765.9,7894.7,18,0,13481.58,31,2,0.159,1
58,71582.6,0.0,20,1,17686.33,22,14,0.0,1
61,54453.36,11929.0,19,0,3925.78,2,3,0.219,1
28,41876.08,9657.6,17,0,9780.59,0,7,0.231,1
31,40342.14,16509.11,10,0,31593.5,2,5,0.409,0
42,53608.44,15446.08,19,3,20394.36,6,12,0.288,0
44,72799.75,27570.8,2,0,15406.66,2,3,0.379,1
61,86820.39,40943.1,28,1,18602.14,2,9,0.472,1
37,50884.63,26375.39,16,1,25870.54,3,2,0.518,0
32,54105.14,10468.92,11,2,25285.93,30,7,0.193,1
52,30721.17,10066.09,9,2,19099.68,1,10,0.328,0
35,93783.85,23686.63,7,2,33115.51,13,6,0.253,1
36,26979.94,0.0,14,0,31645.55,30,6,0.0,1
42,78433.25,11847.97,4,1,24960.46,1,14,0.151,1
48,47693.28,12618.47,3,1,20655.34,30,7,0.265,1
40,43012.67,20841.31,25,1,27887.85,21,6,0.485,0
53,32799.93,21138.66,27,1,23771.21,9,2,0.644,0
30,103200.97,7554.39,20,0,32729.6,29,11,0.073,1
60,59429.83,10856.27,19,0,30794.74,32,5,0.183,1
52,55425.61,19451.04,18,1,7780.95,18,3,0.351,1
53,72734.65,7010.79,20,1,6968.44,24,9,0.096,1
22,41983.35,27061.18,3,0,11585.01,0,8,0.645,0
53,55036.92,21091.75,14,1,31713.66,31,10,0.383,1
53,56126.73,16715.1,16,4,1084.29,24,11,0.298,1
61,44757.09,18909.41,11,2,24737.09,16,2,0.422,0
33,78992.76,10331.09,2,1,24350.52,13,1,0.131,1
50,50626.91,8737.09,9,0,33951.78,12,4,0.173,1
53,23937.36,10752.78,14,1,22164.06,1,4,0.449,0
33,48970.05,19999.67,9,1,3881.49,31,12,0.408,1
46,59983.57,17010.15,23,1,8487.74,31,10,0.284,1
42,37130.14,10772.86,22,1,5816.05,5,11,0.29,1
59,38708.1,22495.82,17,2,13544.67,24,2,0.581,0
22,44074.82,13260.54,0,1,17805.18,2,7,0.301,0
58,79424.71,8066.89,2,0,6014.7,17,13,0.102,1
59,45256.84,17543.42,20,2,37647.94,2,3,0.388,0
46,83582.34,4869.7,25,0,4096.62,4,7,0.058,1
35,42700.99,0.0,26,2,36153.24,23,7,0.0,1
54,61500.28,14948.95,11,2,34221.96,33,1,0.243,0
62,46075.15,8425.86,0,0,30779.63,23,6,0.183,1
64,70081.66,12458.46,2,2,11674.8,27,4,0.178,1
60,32634.52,5332.67,2,0,24109.41,33,11,0.163,1
31,69857.19,27089.32,4,2,4671.55,15,8,0.388,1
23,57277.39,8385.07,18,0,30930.88,6,8,0.146,1
26,42200.16,10680.01,28,4,19112.18,17,3,0.253,0
29,51675.57,18778.83,24,1,15088.16,5,4,0.363,1
26,85677.1,1233.86,0,0,5315.06,27,1,0.014,1
29,57756.89,494.5,3,2,1000.0,33,10,0.009,1
59,40945.44,18809.53,28,2,7537.51,28,2,0.459,1
51,30906.13,10550.52,28,0,33353.58,3,7,0.341,0
52,65108.09,5985.05,25,3,15166.0,13,14,0.092,1
61,58916.9,21033.73,25,2,17968.05,4,11,0.357,0
32,68900.41,6880.78,3,0,27866.65,24,12,0.1,1
28,25755.51,12254.88,16,2,41668.03,7,7,0.476,0
28,31554.79,6038.7,13,1,35900.06,14,13,0.191,0
48,77937.58,18034.37,17,1,8331.98,18,9,0.231,1
40,61626.83,28320.76,26,3,1000.0,10,10,0.46,1
27,65668.02,0.0,0,0,48315.37,19,9,0.0,1
31,35746.26,16126.58,21,3,47227.9,17,9,0.451,0
40,35380.26,23565.88,15,2,22261.44,13,6,0.666,0
36,74825.17,10785.22,2,1,4754.14,24,8,0.144,1
24,75767.55,3689.58,22,2,31558.72,15,9,0.049,1
26,33233.61,19209.64,20,2,18704.2,17,12,0.578,0
42,29412.59,25016.54,8,1,18644.23,0,14,0.851,0
46,52828.14,23905.22,22,1,30733.51,0,7,0.453,0
23,39013.03,18659.09,3,1,24012.5,0,4,0.478,0
61,38596.46,15979.14,20,0,5770.22,20,14,0.414,1
62,29972.44,6009.87,4,1,16103.1,24,4,0.201,1
34,45631.32,23652.45,10,2,27933.84,26,6,0.518,0
31,31906.11,23099.57,20,2,26123.03,9,14,0.724,0
38,33091.98,3619.42,25,3,23144.2,11,11,0.109,1
32,60967.84,18644.8,8,0,31201.08,27,4,0.306,1
43,53896.04,21528.24,25,1,15659.4,31,11,0.399,1
32,64697.57,23821.14,2,1,22144.04,32,7,0.368,1
33,22019.33,14250.1,5,2,1000.0,7,8,0.647,0
45,55197.61,6424.32,23,2,14604.2,25,8,0.116,1
39,96512.75,9978.84,10,3,29166.83,1,14,0.103,1
56,47554.55,4927.5,8,1,15315.27,34,8,0.104,1
28,71494.98,14489.39,28,1,14405.27,33,2,0.203,1
49,71320.14,12531.15,14,3,7502.56,5,14,0.176,0
52,72303.97,36450.36,22,1,32040.39,30,10,0.504,1
64,58333.23,23946.77,27,1,26581.56,22,2,0.411,1
38,66321.72,24695.48,2,2,29904.98,11,2,0.372,0
26,68980.27,19713.52,0,1,1000.0,27,2,0.286,1
38,67708.92,11326.82,19,2,18074.6,14,4,0.167,1
39,32651.64,12246.1,28,0,16638.67,18,5,0.375,1
42,20852.31,13161.31,21,1,16633.14,11,4,0.631,1
57,23928.33,16882.33,18,1,12607.67,1,5,0.706,0
52,49596.8,18891.7,13,0,15846.75,10,4,0.381,1
61,66878.53,15007.09,16,1,30195.74,24,7,0.224,1
23,32911.77,12094.02,21,1,1000.0,20,10,0.367,1
48,73479.41,9058.84,13,0,41327.54,8,1,0.123,1
30,44954.5,1073.51,16,3,25806.09,11,14,0.024,1
55,45144.9,27833.79,24,2,19492.02,9,13,0.617,1
49,38277.86,37055.3,26,2,30882.01,4,1,0.968,0
35,17304.27,26993.37,13,2,2577.98,32,2,1.56,0
53,59586.28,2409.34,11,1,12023.59,4,13,0.04,1
27,89253.35,22870.17,15,2,18547.09,15,1,0.256,1
32,53746.71,25237.76,0,1,36386.72,28,12,0.47,0
50,17987.37,10965.62,12,2,19442.04,17,10,0.61,0
41,70606.86,19889.27,5,1,25400.66,28,12,0.282,1
51,22504.04,10436.97,16,1,12925.05,5,12,0.464,0
44,30819.31,30289.29,11,2,25842.1,17,10,0.983,0
40,50233.24,18653.71,22,1,40126.88,31,13,0.371,1
57,57456.87,5828.45,18,3,31946.32,30,14,0.101,1
24,34826.72,21698.08,5,1,19022.53,10,11,0.623,0
48,49453.68,25587.81,6,0,28105.89,25,3,0.517,0
64,69303.25,16981.32,0,2,26930.2,27,6,0.245,0
40,72043.58,19794.42,0,2,26079.05,26,10,0.275,0
44,80029.13,14302.47,28,0,33343.44,18,11,0.179,1
52,93188.37,3657.2,4,3,33253.73,26,6,0.039,1
61,71197.79,13482.66,5,0,18474.1,19,1,0.189,1
56,50665.27,20230.4,15,0,27702.55,2,6,0.399,0
54,72186.28,13719.73,24,2,15402.86,15,5,0.19,1
56,64334.32,23007.65,15,4,8923.13,28,7,0.358,1
22,65127.34,11078.18,13,1,16766.07,14,6,0.17,1
35,58544.38,11734.09,0,3,19084.66,29,12,0.2,1
54,36758.92,23311.2,12,3,1000.0,0,12,0.634,0
56,34438.07,17218.53,19,2,30323.99,28,7,0.5,0
26,53057.64,10882.78,9,1,1000.0,29,2,0.205,1
59,57978.2,25338.05,23,3,52577.8,31,12,0.437,1
62,41411.18,8112.64,9,3,38022.55,9,1,0.196,0
32,63466.84,7730.51,8,3,16867.9,26,14,0.122,1
23,96615.32,0.0,12,2,20113.12,7,7,0.0,1
38,20113.39,9460.31,2,3,23635.66,34,9,0.47,0
60,66644.89,28087.17,26,0,12930.08,24,2,0.421,0
41,53680.51,0.0,17,1,22311.43,19,12,0.0,1
35,64013.11,5480.8,19,1,18272.0,16,7,0.086,1
53,46385.71,19390.69,1,1,18868.73,22,3,0.418,0
55,52078.8,0.0,16,0,22177.53,24,6,0.0,1
46,57590.01,9893.01,27,1,4237.67,30,3,0.172,1
28,48967.32,26408.63,18,4,20474.84,5,13,0.539,0
56,24589.17,35430.26,22,0,21961.37,34,10,1.441,0
50,50321.7,17902.47,12,3,21546.2,3,13,0.356,0
43,26671.33,5735.33,12,1,17410.03,19,11,0.215,1
62,68063.86,5398.71,0,2,33654.29,0,11,0.079,1
64,17689.1,16449.08,1,2,15756.17,25,11,0.93,0
34,75573.09,17809.63,0,3,22727.91,33,5,0.236,1
34,63591.26,33579.29,23,0,35567.57,9,2,0.528,0
22,63667.77,24708.05,4,1,19047.49,22,8,0.388,0
57,15000.0,15841.06,23,3,22573.56,23,14,1.056,0
25,48428.01,11647.93,2,1,18843.38,12,8,0.241,0
58,78071.27,45147.12,28,0,34848.44,28,7,0.578,0
61,44627.84,21265.95,27,0,16907.31,26,6,0.477,1
34,33438.76,8312.48,6,2,35400.25,30,1,0.249,0
59,42266.6,12753.77,23,0,18756.95,9,8,0.302,1
45,53634.45,6225.45,21,1,9686.48,30,1,0.116,1
40,37972.59,0.0,12,1,28152.48,9,8,0.0,1
22,79676.34,18126.51,28,0,16343.99,23,11,0.228,1
59,53706.65,32824.54,22,1,27446.01,32,2,0.611,1
26,43888.61,0.0,29,1,1000.0,13,8,0.0,1
37,28973.13,15552.63,27,0,20062.46,34,10,0.537,1
45,64688.93,7930.95,17,0,14484.74,33,12,0.123,1
48,64233.33,20215.03,23,0,7240.9,16,4,0.315,1
22,39155.82,13276.7,20,0,13361.11,20,7,0.339,1
55,15000.0,1399.45,6,2,13115.56,31,5,0.093,1
57,63215.24,5188.96,0,3,19424.17,2,8,0.082,1
25,51263.93,6696.99,4,1,3592.08,14,12,0.131,1
21,61721.42,28443.18,16,1,23795.29,7,6,0.461,0
60,94143.49,27932.59,27,1,36394.58,31,14,0.297,1
32,54463.36,11886.52,28,3,23371.14,25,5,0.218,1
56,44723.23,27278.03,7,1,29707.86,29,1,0.61,0
43,32053.56,13268.16,14,0,33134.75,8,3,0.414,0
51,48751.56,11733.37,19,1,34837.87,31,10,0.241,1
31,58211.55,15571.18,3,0,42441.66,10,9,0.267,1
30,56066.15,17848.25,1,1,14009.58,21,14,0.318,1
23,89469.31,9445.55,4,1,11378.19,33,9,0.106,1
34,64981.71,15218.66,0,0,29401.59,17,5,0.234,1
36,52303.98,22873.23,24,4,28499.19,18,3,0.437,0
30,40868.79,16295.4,4,0,29308.1,17,6,0.399,0
49,60333.46,15427.83,5,5,42671.39,17,5,0.256,0
30,36859.84,19941.8,1,3,20136.44,11,1,0.541,0
32,58596.62,21667.06,25,1,25113.88,3,2,0.37,1
50,64748.28,14373.84,25,0,8235.34,26,12,0.222,1
61,50670.96,10258.19,0,1,45623.85,4,5,0.202,0
21,42394.27,16892.03,3,0,15961.46,5,14,0.398,0
25,15000.0,0.0,6,1,16301.41,12,9,0.0,1
40,77876.73,12896.78,21,1,15839.0,22,12,0.166,1
28,63066.01,0.0,25,0,12261.25,24,4,0.0,1
63,63552.35,0.0,0,0,11246.76,3,9,0.0,1
32,23772.95,0.0,0,1,13715.55,31,3,0.0,1
21,82596.77,25473.52,7,2,3610.45,14,1,0.308,1
40,45695.66,15139.82,19,1,10576.18,25,6,0.331,1
48,49224.09,2379.51,15,1,43387.56,10,10,0.048,1
63,33614.26,19910.66,20,3,28827.86,8,14,0.592,0
57,19261.09,24886.54,12,1,31110.85,10,7,1.292,0
57,78146.93,20084.86,22,2,34126.51,1,4,0.257,1
32,80731.95,13112.9,23,0,42009.61,26,10,0.162,1
57,51689.44,17324.87,25,1,1000.0,25,5,0.335,1
64,41412.31,24014.97,22,1,5241.4,7,4,0.58,0
48,47459.12,10307.54,17,3,10355.32,20,3,0.217,1
35,48007.7,15298.67,29,2,14363.24,20,1,0.319,1
26,31002.81,12428.07,19,1,16393.17,7,13,0.401,0
64,49154.9,0.0,9,0,14636.27,0,6,0.0,1
40,58062.04,24165.68,11,1,22631.71,12,10,0.416,1
34,75363.14,35572.72,0,1,20423.54,8,5,0.472,0
22,55284.88,6262.05,9,1,11325.98,27,11,0.113,1
29,23472.97,24626.8,8,2,1000.0,5,1,1.049,0
57,62070.96,6580.06,2,1,8085.58,22,5,0.106,1
40,49881.39,16327.88,27,0,13409.14,16,6,0.327,1
46,82408.19,30080.12,18,1,17035.05,8,10,0.365,1
49,83589.16,9795.61,25,0,6443.99,11,5,0.117,1
21,84289.09,14853.14,8,1,14110.32,21,1,0.176,1
55,43768.24,0.0,9,1,6428.15,11,14,0.0,1
26,94797.1,8357.96,18,2,18490.17,5,5,0.088,1
57,62018.85,0.0,15,2,7122.9,8,10,0.0,1
25,87527.61,19291.78,23,1,9813.14,2,1,0.22,1
53,44947.61,23316.38,17,2,4295.79,33,11,0.519,1
34,49028.07,12783.65,13,0,18157.99,7,3,0.261,1
32,60480.55,17858.87,28,0,9602.63,9,12,0.295,1
62,58037.55,11742.7,2,0,30881.41,8,13,0.202,1
40,80096.24,22405.45,1,0,24870.2,13,2,0.28,1
44,50357.41,16294.62,0,0,19161.78,26,13,0.324,0
63,78292.3,0.0,17,3,10430.17,31,1,0.0,1
54,69644.69,24399.81,23,1,24566.24,3,4,0.35,1
45,50732.16,11104.57,8,4,28288.41,1,2,0.219,0
49,68093.53,2296.21,12,0,21712.26,32,5,0.034,1
59,45534.7,10610.66,1,1,39244.42,20,10,0.233,0
51,102004.12,0.0,6,1,25515.65,0,1,0.0,1
63,15000.0,2501.11,15,0,30963.29,10,12,0.167,0
43,68458.86,16429.5,20,0,21602.78,0,10,0.24,1
64,19708.08,17267.12,18,0,28107.97,10,1,0.876,0
58,50486.87,18064.39,24,0,10438.63,6,11,0.358,1
40,53287.84,15032.1,14,0,14499.22,1,10,0.282,1
43,85152.67,8071.35,21,0,24192.36,14,4,0.095,1
36,41156.96,14455.41,10,0,24105.19,7,7,0.351,0
62,81160.24,10627.93,0,0,26091.34,25,14,0.131,1
28,31423.67,0.0,20,2,33204.71,34,14,0.0,1
41,81933.39,7275.85,6,3,2900.35,20,2,0.089,1
21,45513.09,23895.41,19,2,8306.57,7,2,0.525,0
28,56468.69,30882.94,7,3,22754.87,31,1,0.547,0
49,48272.43,21512.75,9,1,11307.64,7,5,0.446,0
52,80647.27,30436.98,4,1,60533.22,9,6,0.377,0
58,76754.8,15853.89,8,1,26188.64,22,13,0.207,1
25,63870.03,32423.76,24,2,19060.03,3,6,0.508,0
42,31962.63,35544.88,24,1,13814.37,29,2,1.112,0
54,40699.56,0.0,0,1,14238.05,22,12,0.0,1
21,34428.47,17214.93,1,1,20361.69,4,12,0.5,0
46,15000.0,15864.3,18,2,21343.78,20,7,1.058,0
63,80226.36,10758.96,13,1,14519.61,5,6,0.134,1
30,48443.53,19919.16,19,0,16722.17,16,8,0.411,1
50,48230.12,15411.25,9,0,36131.41,24,6,0.32,1
38,84922.04,7645.51,8,2,36614.06,23,9,0.09,1
37,45480.23,14733.95,9,0,23024.41,21,10,0.324,1
46,38190.58,27045.95,28,0,3904.88,12,2,0.708,1
28,50505.09,16825.38,5,1,26462.04,16,7,0.333,0
60,32346.62,21269.55,16,0,38651.39,13,5,0.658,0
32,61887.12,12229.47,27,1,36437.37,33,1,0.198,1
47,47526.76,19520.64,24,2,28813.11,25,3,0.411,0
28,44854.57,2907.85,5,2,37069.08,18,4,0.065,1
45,43121.94,10002.8,3,2,20640.61,25,12,0.232,1
24,52875.57,13973.31,29,0,27537.24,2,2,0.264,1
53,56669.62,2236.64,19,2,11830.69,1,7,0.039,1
21,44600.5,6697.83,2,2,23507.19,27,1,0.15,1
39,47824.68,18131.12,22,2,35954.41,1,3,0.379,0
51,53369.54,16298.32,18,0,12926.92,21,12,0.305,1
36,51351.64,23063.65,17,0,9662.68,6,9,0.449,1
34,55621.52,8994.89,25,4,21169.87,3,11,0.162,1
25,41466.58,15576.02,23,2,17280.05,19,14,0.376,1
61,75091.86,8281.33,3,1,27789.77,5,2,0.11,1
46,56936.56,22061.29,7,4,14560.89,8,5,0.387,0
48,44923.06,26907.46,16,1,40621.28,30,4,0.599,0
22,61887.68,19833.25,4,3,4523.89,25,12,0.32,1
26,53512.63,25611.94,12,3,35044.82,25,3,0.479,0
29,20323.47,15325.0,24,0,10821.81,27,5,0.754,0
53,61819.05,23055.94,0,0,1000.0,4,6,0.373,1
61,34609.88,15754.18,26,3,22854.5,9,1,0.455,0
45,73688.56,4750.72,12,1,16944.7,17,2,0.064,1
33,50165.01,17467.21,3,3,6684.69,14,1,0.348,0
29,70601.41,5047.03,21,2,1000.0,32,3,0.071,1
33,42395.63,38391.29,25,0,19899.67,4,8,0.906,0
51,56398.59,11659.12,23,0,31710.04,21,8,0.207,1
61,79204.87,21450.38,13,0,27019.44,21,4,0.271,1
31,49619.67,14875.87,2,1,20680.48,21,6,0.3,0
24,43183.66,2663.87,4,0,25746.17,14,12,0.062,1
54,68100.81,0.0,6,0,19673.43,16,9,0.0,1
58,67713.23,22490.14,0,1,2843.31,27,14,0.332,1
24,44025.02,30493.41,22,1,2949.27,21,7,0.693,0
58,15290.78,7651.96,28,0,17561.98,20,2,0.5,1
39,42799.54,0.0,11,1,18072.16,16,11,0.0,1
26,68547.19,11748.37,10,0,30211.79,4,2,0.171,1
54,39499.32,5628.83,23,0,29087.65,17,3,0.143,1
38,54781.24,8496.84,7,2,27261.6,16,8,0.155,0
33,41850.3,21103.74,24,0,16636.61,3,10,0.504,1
61,16356.66,14495.37,5,2,3432.17,6,9,0.886,0
43,41490.38,6704.92,27,3,24944.85,24,13,0.162,1
